session_id,stock_id,open_price,close_price,high_price,low_price,volume_detail,ceiling_price,floor_price,buy_volume,sell_volume,net_volume,matched_value,adjust_price,change_percent,outstanding_share,name,code,stock_space,join_date,leave_date,init_price,category,year,month,day_of_month,volume_session
8531,1938,14.85,14.85,14.85,14.85,0,0.0,0.0,0,0,0,0.0,14.85,-0.05,0,Quỹ đầu tư tăng trưởng Thiên Việt 4,FUCTVGF4,HOSE,2022-09-26,,0.0,,2023,3,8,7818650000000.0
8530,1938,14.85,14.85,14.85,14.85,0,0.0,0.0,0,0,0,0.0,14.85,-0.05,0,Quỹ đầu tư tăng trưởng Thiên Việt 4,FUCTVGF4,HOSE,2022-09-26,,0.0,,2023,3,9,9605920000000.0
8529,1938,14.85,14.85,14.85,14.85,0,0.0,0.0,0,0,0,0.0,14.85,-0.05,0,Quỹ đầu tư tăng trưởng Thiên Việt 4,FUCTVGF4,HOSE,2022-09-26,,0.0,,2023,3,10,7802560000000.0
8528,1938,14.85,14.85,14.85,14.85,0,0.0,0.0,0,0,0,0.0,14.85,-0.05,0,Quỹ đầu tư tăng trưởng Thiên Việt 4,FUCTVGF4,HOSE,2022-09-26,,0.0,,2023,3,13,8852640000000.0
8527,1938,14.85,14.85,14.85,14.85,0,0.0,0.0,0,0,0,0.0,14.85,-0.05,0,Quỹ đầu tư tăng trưởng Thiên Việt 4,FUCTVGF4,HOSE,2022-09-26,,0.0,,2023,3,14,9157830000000.0
8526,1938,14.85,14.85,14.85,14.85,0,0.0,0.0,0,0,0,0.0,14.85,-0.05,0,Quỹ đầu tư tăng trưởng Thiên Việt 4,FUCTVGF4,HOSE,2022-09-26,,0.0,,2023,3,15,9044830000000.0
8525,1938,14.85,14.85,14.85,14.85,0,0.0,0.0,0,0,0,0.0,14.85,-0.05,0,Quỹ đầu tư tăng trưởng Thiên Việt 4,FUCTVGF4,HOSE,2022-09-26,,0.0,,2023,3,16,7993400000000.0
8524,1938,14.85,14.85,14.85,14.85,0,0.0,0.0,0,0,0,0.0,14.85,-0.05,0,Quỹ đầu tư tăng trưởng Thiên Việt 4,FUCTVGF4,HOSE,2022-09-26,,0.0,,2023,3,17,9056930000000.0
8523,1938,14.85,14.85,14.85,14.85,0,0.0,0.0,0,0,0,0.0,14.85,-0.05,0,Quỹ đầu tư tăng trưởng Thiên Việt 4,FUCTVGF4,HOSE,2022-09-26,,0.0,,2023,3,20,8000550000000.0
8522,1938,14.85,14.85,14.85,14.85,0,0.0,0.0,0,0,0,0.0,14.85,-0.05,0,Quỹ đầu tư tăng trưởng Thiên Việt 4,FUCTVGF4,HOSE,2022-09-26,,0.0,,2023,3,21,6678120000000.0
8521,1938,14.85,14.85,14.85,14.85,0,0.0,0.0,0,0,0,0.0,14.85,-0.05,0,Quỹ đầu tư tăng trưởng Thiên Việt 4,FUCTVGF4,HOSE,2022-09-26,,0.0,,2023,3,22,7063540000000.0
8520,1938,14.85,14.85,14.85,14.85,0,0.0,0.0,0,0,0,0.0,14.85,-0.05,0,Quỹ đầu tư tăng trưởng Thiên Việt 4,FUCTVGF4,HOSE,2022-09-26,,0.0,,2023,3,23,6539990000000.0
8519,1938,14.85,14.85,14.85,14.85,0,0.0,0.0,0,0,0,0.0,14.85,-0.05,0,Quỹ đầu tư tăng trưởng Thiên Việt 4,FUCTVGF4,HOSE,2022-09-26,,0.0,,2023,3,24,8145960000000.0
8518,1938,14.85,14.85,14.85,14.85,0,0.0,0.0,0,0,0,0.0,14.85,-0.05,0,Quỹ đầu tư tăng trưởng Thiên Việt 4,FUCTVGF4,HOSE,2022-09-26,,0.0,,2023,3,27,8430340000000.0
8517,1938,14.85,14.85,14.85,14.85,0,0.0,0.0,0,0,0,0.0,14.85,-0.05,0,Quỹ đầu tư tăng trưởng Thiên Việt 4,FUCTVGF4,HOSE,2022-09-26,,0.0,,2023,3,28,9714650000000.0
8516,1938,14.85,14.85,14.85,14.85,0,0.0,0.0,0,0,0,0.0,14.85,-0.05,0,Quỹ đầu tư tăng trưởng Thiên Việt 4,FUCTVGF4,HOSE,2022-09-26,,0.0,,2023,3,29,7305170000000.0
8515,1938,14.85,14.85,14.85,14.85,300,0.0,0.0,0,0,0,4000000.0,14.85,-0.05,0,Quỹ đầu tư tăng trưởng Thiên Việt 4,FUCTVGF4,HOSE,2022-09-26,,0.0,,2023,3,30,9656120000000.0
8514,1938,14.85,14.85,14.85,14.85,100,0.0,0.0,0,0,0,1000000.0,14.85,-0.05,0,Quỹ đầu tư tăng trưởng Thiên Việt 4,FUCTVGF4,HOSE,2022-09-26,,0.0,,2023,3,31,10498800000000.0
8513,1938,14.85,14.85,14.85,14.85,0,0.0,0.0,0,0,0,0.0,14.85,-0.05,0,Quỹ đầu tư tăng trưởng Thiên Việt 4,FUCTVGF4,HOSE,2022-09-26,,0.0,,2023,4,3,12983200000000.0
8512,1938,14.85,14.85,14.85,14.85,0,0.0,0.0,0,0,0,0.0,14.85,-0.05,0,Quỹ đầu tư tăng trưởng Thiên Việt 4,FUCTVGF4,HOSE,2022-09-26,,0.0,,2023,4,4,12386800000000.0
8511,1938,14.85,14.85,14.85,14.85,0,0.0,0.0,0,0,0,0.0,14.85,-0.05,0,Quỹ đầu tư tăng trưởng Thiên Việt 4,FUCTVGF4,HOSE,2022-09-26,,0.0,,2023,4,5,11435900000000.0
8510,1938,14.85,14.85,14.85,14.85,0,0.0,0.0,0,0,0,0.0,14.85,-0.05,0,Quỹ đầu tư tăng trưởng Thiên Việt 4,FUCTVGF4,HOSE,2022-09-26,,0.0,,2023,4,6,14836000000000.0
8509,1938,14.85,14.85,14.85,14.85,0,0.0,0.0,0,0,0,0.0,14.85,-0.05,0,Quỹ đầu tư tăng trưởng Thiên Việt 4,FUCTVGF4,HOSE,2022-09-26,,0.0,,2023,4,7,9555430000000.0
8508,1938,14.85,14.85,14.85,14.85,0,0.0,0.0,0,0,0,0.0,14.85,-0.05,0,Quỹ đầu tư tăng trưởng Thiên Việt 4,FUCTVGF4,HOSE,2022-09-26,,0.0,,2023,4,10,13080300000000.0
8507,1938,14.85,14.85,14.85,14.85,0,0.0,0.0,0,0,0,0.0,14.85,-0.05,0,Quỹ đầu tư tăng trưởng Thiên Việt 4,FUCTVGF4,HOSE,2022-09-26,,0.0,,2023,4,11,10352300000000.0
8506,1938,14.85,14.85,14.85,14.85,0,0.0,0.0,0,0,0,0.0,14.85,-0.05,0,Quỹ đầu tư tăng trưởng Thiên Việt 4,FUCTVGF4,HOSE,2022-09-26,,0.0,,2023,4,12,11237900000000.0
8505,1938,14.85,14.85,14.85,14.85,0,0.0,0.0,0,0,0,0.0,14.85,-0.05,0,Quỹ đầu tư tăng trưởng Thiên Việt 4,FUCTVGF4,HOSE,2022-09-26,,0.0,,2023,4,13,10048100000000.0
8504,1938,14.85,14.85,14.85,14.85,0,0.0,0.0,0,0,0,0.0,14.85,-0.05,0,Quỹ đầu tư tăng trưởng Thiên Việt 4,FUCTVGF4,HOSE,2022-09-26,,0.0,,2023,4,14,11983800000000.0
8503,1938,14.85,14.85,14.85,14.85,0,0.0,0.0,0,0,0,0.0,14.85,-0.05,0,Quỹ đầu tư tăng trưởng Thiên Việt 4,FUCTVGF4,HOSE,2022-09-26,,0.0,,2023,4,17,6714600000000.0
8502,1938,14.85,14.85,14.85,14.85,0,0.0,0.0,0,0,0,0.0,14.85,-0.05,0,Quỹ đầu tư tăng trưởng Thiên Việt 4,FUCTVGF4,HOSE,2022-09-26,,0.0,,2023,4,18,8462260000000.0
8501,1938,14.85,14.85,14.85,14.85,0,0.0,0.0,0,0,0,0.0,14.85,-0.05,0,Quỹ đầu tư tăng trưởng Thiên Việt 4,FUCTVGF4,HOSE,2022-09-26,,0.0,,2023,4,19,8609420000000.0
8500,1938,14.85,14.85,14.85,14.85,0,0.0,0.0,0,0,0,0.0,14.85,-0.05,0,Quỹ đầu tư tăng trưởng Thiên Việt 4,FUCTVGF4,HOSE,2022-09-26,,0.0,,2023,4,20,5636530000000.0
8499,1938,14.85,14.85,14.85,14.85,0,0.0,0.0,0,0,0,0.0,14.85,-0.05,0,Quỹ đầu tư tăng trưởng Thiên Việt 4,FUCTVGF4,HOSE,2022-09-26,,0.0,,2023,4,21,8838180000000.0
8498,1938,14.85,14.85,14.85,14.85,0,0.0,0.0,0,0,0,0.0,14.85,-0.05,0,Quỹ đầu tư tăng trưởng Thiên Việt 4,FUCTVGF4,HOSE,2022-09-26,,0.0,,2023,4,24,7199740000000.0
8497,1938,14.85,14.85,14.85,14.85,0,0.0,0.0,0,0,0,0.0,14.85,-0.05,0,Quỹ đầu tư tăng trưởng Thiên Việt 4,FUCTVGF4,HOSE,2022-09-26,,0.0,,2023,4,25,8456240000000.0
8496,1938,14.85,14.85,14.85,14.85,0,0.0,0.0,0,0,0,0.0,14.85,-0.05,0,Quỹ đầu tư tăng trưởng Thiên Việt 4,FUCTVGF4,HOSE,2022-09-26,,0.0,,2023,4,26,7520090000000.0
8495,1938,14.85,14.85,14.85,14.85,0,0.0,0.0,0,0,0,0.0,14.85,0.0,0,Quỹ đầu tư tăng trưởng Thiên Việt 4,FUCTVGF4,HOSE,2022-09-26,,0.0,,2023,4,27,7600150000000.0
8494,1938,14.85,14.85,14.85,14.85,100,0.0,0.0,0,0,0,1000000.0,14.85,0.0,0,Quỹ đầu tư tăng trưởng Thiên Việt 4,FUCTVGF4,HOSE,2022-09-26,,0.0,,2023,4,28,9308330000000.0
8493,1938,14.85,14.85,14.85,14.85,0,0.0,0.0,0,0,0,0.0,14.85,0.0,0,Quỹ đầu tư tăng trưởng Thiên Việt 4,FUCTVGF4,HOSE,2022-09-26,,0.0,,2023,5,4,9259100000000.0
8492,1938,14.85,14.85,14.85,14.85,0,0.0,0.0,0,0,0,0.0,14.85,0.0,0,Quỹ đầu tư tăng trưởng Thiên Việt 4,FUCTVGF4,HOSE,2022-09-26,,0.0,,2023,5,5,6891880000000.0
8491,1938,14.85,14.85,14.85,14.85,0,0.0,0.0,0,0,0,0.0,14.85,0.0,0,Quỹ đầu tư tăng trưởng Thiên Việt 4,FUCTVGF4,HOSE,2022-09-26,,0.0,,2023,5,8,9352890000000.0
8490,1938,14.85,14.85,14.85,14.85,0,0.0,0.0,0,0,0,0.0,14.85,-0.05,0,Quỹ đầu tư tăng trưởng Thiên Việt 4,FUCTVGF4,HOSE,2022-09-26,,0.0,,2023,5,9,8040740000000.0
8489,1938,14.85,14.85,14.85,14.85,0,0.0,0.0,0,0,0,0.0,14.85,-0.05,0,Quỹ đầu tư tăng trưởng Thiên Việt 4,FUCTVGF4,HOSE,2022-09-26,,0.0,,2023,5,10,9830030000000.0
8488,1938,14.85,14.85,14.85,14.85,0,0.0,0.0,0,0,0,0.0,14.85,-0.05,0,Quỹ đầu tư tăng trưởng Thiên Việt 4,FUCTVGF4,HOSE,2022-09-26,,0.0,,2023,5,11,10795100000000.0
8487,1938,14.85,14.85,14.85,14.85,0,0.0,0.0,0,0,0,0.0,14.85,-0.05,0,Quỹ đầu tư tăng trưởng Thiên Việt 4,FUCTVGF4,HOSE,2022-09-26,,0.0,,2023,5,12,11117600000000.0
8486,1938,14.85,14.85,14.85,14.85,0,0.0,0.0,0,0,0,0.0,14.85,0.0,0,Quỹ đầu tư tăng trưởng Thiên Việt 4,FUCTVGF4,HOSE,2022-09-26,,0.0,,2023,5,15,12607000000000.0
8485,1938,14.85,14.85,14.85,14.85,0,0.0,0.0,0,0,0,0.0,14.85,0.0,0,Quỹ đầu tư tăng trưởng Thiên Việt 4,FUCTVGF4,HOSE,2022-09-26,,0.0,,2023,5,16,9638180000000.0
8484,1938,14.85,14.85,14.85,14.85,0,0.0,0.0,0,0,0,0.0,14.85,0.0,0,Quỹ đầu tư tăng trưởng Thiên Việt 4,FUCTVGF4,HOSE,2022-09-26,,0.0,,2023,5,17,11644500000000.0
8483,1938,14.85,14.85,14.85,14.85,0,0.0,0.0,0,0,0,0.0,14.85,0.0,0,Quỹ đầu tư tăng trưởng Thiên Việt 4,FUCTVGF4,HOSE,2022-09-26,,0.0,,2023,5,18,10252200000000.0
8482,1938,14.85,14.85,14.85,14.85,0,0.0,0.0,0,0,0,0.0,14.85,0.0,0,Quỹ đầu tư tăng trưởng Thiên Việt 4,FUCTVGF4,HOSE,2022-09-26,,0.0,,2023,5,19,10585100000000.0
8481,1938,14.85,14.85,14.85,14.85,0,0.0,0.0,0,0,0,0.0,14.85,0.0,0,Quỹ đầu tư tăng trưởng Thiên Việt 4,FUCTVGF4,HOSE,2022-09-26,,0.0,,2023,5,22,11015600000000.0
8480,1938,14.85,14.85,14.85,14.85,0,0.0,0.0,0,0,0,0.0,14.85,0.0,0,Quỹ đầu tư tăng trưởng Thiên Việt 4,FUCTVGF4,HOSE,2022-09-26,,0.0,,2023,5,23,11892800000000.0
8479,1938,14.85,14.85,14.85,14.85,0,0.0,0.0,0,0,0,0.0,14.85,0.0,0,Quỹ đầu tư tăng trưởng Thiên Việt 4,FUCTVGF4,HOSE,2022-09-26,,0.0,,2023,5,24,11401200000000.0
8478,1938,14.85,14.85,14.85,14.85,0,0.0,0.0,0,0,0,0.0,14.85,0.0,0,Quỹ đầu tư tăng trưởng Thiên Việt 4,FUCTVGF4,HOSE,2022-09-26,,0.0,,2023,5,25,10567700000000.0
8477,1938,14.85,14.85,14.85,14.85,0,0.0,0.0,0,0,0,0.0,14.85,0.0,0,Quỹ đầu tư tăng trưởng Thiên Việt 4,FUCTVGF4,HOSE,2022-09-26,,0.0,,2023,5,26,9431780000000.0
8476,1938,14.85,14.85,14.85,14.85,0,0.0,0.0,0,0,0,0.0,14.85,0.0,0,Quỹ đầu tư tăng trưởng Thiên Việt 4,FUCTVGF4,HOSE,2022-09-26,,0.0,,2023,5,29,11644700000000.0
8475,1938,14.85,14.85,14.85,14.85,100,0.0,0.0,0,0,0,1000000.0,14.85,0.0,0,Quỹ đầu tư tăng trưởng Thiên Việt 4,FUCTVGF4,HOSE,2022-09-26,,0.0,,2023,5,30,13600100000000.0
8474,1938,14.85,14.85,14.85,14.85,0,0.0,0.0,0,0,0,0.0,14.85,0.0,0,Quỹ đầu tư tăng trưởng Thiên Việt 4,FUCTVGF4,HOSE,2022-09-26,,0.0,,2023,5,31,14101800000000.0
8473,1938,14.85,14.85,14.85,14.85,0,0.0,0.0,0,0,0,0.0,14.85,0.0,0,Quỹ đầu tư tăng trưởng Thiên Việt 4,FUCTVGF4,HOSE,2022-09-26,,0.0,,2023,6,1,12900900000000.0
8472,1938,14.85,14.85,14.85,14.85,0,0.0,0.0,0,0,0,0.0,14.85,0.0,0,Quỹ đầu tư tăng trưởng Thiên Việt 4,FUCTVGF4,HOSE,2022-09-26,,0.0,,2023,6,2,16880800000000.0
8471,1938,14.85,14.85,14.85,14.85,0,0.0,0.0,0,0,0,0.0,14.85,0.0,0,Quỹ đầu tư tăng trưởng Thiên Việt 4,FUCTVGF4,HOSE,2022-09-26,,0.0,,2023,6,5,16315900000000.0
8470,1938,14.85,14.85,14.85,14.85,0,0.0,0.0,0,0,0,0.0,14.85,0.0,0,Quỹ đầu tư tăng trưởng Thiên Việt 4,FUCTVGF4,HOSE,2022-09-26,,0.0,,2023,6,6,14344800000000.0
8469,1938,14.85,14.85,14.85,14.85,0,0.0,0.0,0,0,0,0.0,14.85,0.0,0,Quỹ đầu tư tăng trưởng Thiên Việt 4,FUCTVGF4,HOSE,2022-09-26,,0.0,,2023,6,7,16516200000000.0
8468,1938,14.85,14.85,14.85,14.85,0,0.0,0.0,0,0,0,0.0,14.85,0.0,0,Quỹ đầu tư tăng trưởng Thiên Việt 4,FUCTVGF4,HOSE,2022-09-26,,0.0,,2023,6,8,21011300000000.0
8467,1938,14.85,14.85,14.85,14.85,0,0.0,0.0,0,0,0,0.0,14.85,0.0,0,Quỹ đầu tư tăng trưởng Thiên Việt 4,FUCTVGF4,HOSE,2022-09-26,,0.0,,2023,6,9,15081000000000.0
8466,1938,14.85,14.85,14.85,14.85,0,0.0,0.0,0,0,0,0.0,14.85,0.0,0,Quỹ đầu tư tăng trưởng Thiên Việt 4,FUCTVGF4,HOSE,2022-09-26,,0.0,,2023,6,12,13663900000000.0
8465,1938,14.85,14.85,14.85,14.85,0,0.0,0.0,0,0,0,0.0,14.85,0.0,0,Quỹ đầu tư tăng trưởng Thiên Việt 4,FUCTVGF4,HOSE,2022-09-26,,0.0,,2023,6,13,15306100000000.0
8464,1938,14.85,14.85,14.85,14.85,0,0.0,0.0,0,0,0,0.0,14.85,0.0,0,Quỹ đầu tư tăng trưởng Thiên Việt 4,FUCTVGF4,HOSE,2022-09-26,,0.0,,2023,6,14,15155800000000.0
8463,1938,14.85,14.85,14.85,14.85,0,0.0,0.0,0,0,0,0.0,14.85,0.0,0,Quỹ đầu tư tăng trưởng Thiên Việt 4,FUCTVGF4,HOSE,2022-09-26,,0.0,,2023,6,15,12248800000000.0
8462,1938,14.85,14.85,14.85,14.85,0,0.0,0.0,0,0,0,0.0,14.85,-0.05,0,Quỹ đầu tư tăng trưởng Thiên Việt 4,FUCTVGF4,HOSE,2022-09-26,,0.0,,2023,6,16,20355600000000.0
8461,1938,14.85,14.85,14.85,14.85,0,0.0,0.0,0,0,0,0.0,14.85,-0.05,0,Quỹ đầu tư tăng trưởng Thiên Việt 4,FUCTVGF4,HOSE,2022-09-26,,0.0,,2023,6,19,12464500000000.0
8460,1938,14.85,14.85,14.85,14.85,0,0.0,0.0,0,0,0,0.0,14.85,-0.05,0,Quỹ đầu tư tăng trưởng Thiên Việt 4,FUCTVGF4,HOSE,2022-09-26,,0.0,,2023,6,20,11228000000000.0
8459,1938,14.85,14.85,14.85,14.85,0,0.0,0.0,0,0,0,0.0,14.85,-0.05,0,Quỹ đầu tư tăng trưởng Thiên Việt 4,FUCTVGF4,HOSE,2022-09-26,,0.0,,2023,6,21,15536000000000.0
8458,1938,14.85,14.85,14.85,14.85,0,0.0,0.0,0,0,0,0.0,14.85,0.0,0,Quỹ đầu tư tăng trưởng Thiên Việt 4,FUCTVGF4,HOSE,2022-09-26,,0.0,,2023,6,22,16240600000000.0
8457,1938,14.85,14.85,14.85,14.85,0,0.0,0.0,0,0,0,0.0,14.85,-0.05,0,Quỹ đầu tư tăng trưởng Thiên Việt 4,FUCTVGF4,HOSE,2022-09-26,,0.0,,2023,6,23,16701800000000.0
8456,1938,14.85,14.85,14.85,14.85,0,0.0,0.0,0,0,0,0.0,14.85,-0.05,0,Quỹ đầu tư tăng trưởng Thiên Việt 4,FUCTVGF4,HOSE,2022-09-26,,0.0,,2023,6,26,18313600000000.0
8455,1938,14.85,14.85,14.85,14.85,100,0.0,0.0,0,0,0,1000000.0,14.85,-0.05,0,Quỹ đầu tư tăng trưởng Thiên Việt 4,FUCTVGF4,HOSE,2022-09-26,,0.0,,2023,6,27,12764900000000.0
8454,1938,14.85,14.85,14.85,14.85,0,0.0,0.0,0,0,0,0.0,14.85,-0.05,0,Quỹ đầu tư tăng trưởng Thiên Việt 4,FUCTVGF4,HOSE,2022-09-26,,0.0,,2023,6,28,15018300000000.0
8453,1938,14.85,14.85,14.85,14.85,0,0.0,0.0,0,0,0,0.0,14.85,-0.05,0,Quỹ đầu tư tăng trưởng Thiên Việt 4,FUCTVGF4,HOSE,2022-09-26,,0.0,,2023,6,29,15878300000000.0
8452,1938,14.85,14.85,14.85,14.85,0,0.0,0.0,0,0,0,0.0,14.85,-0.05,0,Quỹ đầu tư tăng trưởng Thiên Việt 4,FUCTVGF4,HOSE,2022-09-26,,0.0,,2023,6,30,10474000000000.0
8451,1938,14.85,14.85,14.85,14.85,0,0.0,0.0,0,0,0,0.0,14.85,-0.05,0,Quỹ đầu tư tăng trưởng Thiên Việt 4,FUCTVGF4,HOSE,2022-09-26,,0.0,,2023,7,3,9707510000000.0
8450,1938,14.85,14.85,14.85,14.85,0,0.0,0.0,0,0,0,0.0,14.85,-0.05,0,Quỹ đầu tư tăng trưởng Thiên Việt 4,FUCTVGF4,HOSE,2022-09-26,,0.0,,2023,7,4,12888600000000.0
8449,1938,14.85,14.85,14.85,14.85,0,0.0,0.0,0,0,0,0.0,14.85,-0.05,0,Quỹ đầu tư tăng trưởng Thiên Việt 4,FUCTVGF4,HOSE,2022-09-26,,0.0,,2023,7,5,15276700000000.0
8448,1938,14.85,14.85,14.85,14.85,0,0.0,0.0,0,0,0,0.0,14.85,-0.05,0,Quỹ đầu tư tăng trưởng Thiên Việt 4,FUCTVGF4,HOSE,2022-09-26,,0.0,,2023,7,6,17364900000000.0
8447,1938,14.85,14.85,14.85,14.85,0,0.0,0.0,0,0,0,0.0,14.85,-0.05,0,Quỹ đầu tư tăng trưởng Thiên Việt 4,FUCTVGF4,HOSE,2022-09-26,,0.0,,2023,7,7,14156400000000.0
8446,1938,14.85,14.85,14.85,14.85,0,0.0,0.0,0,0,0,0.0,14.85,-0.05,0,Quỹ đầu tư tăng trưởng Thiên Việt 4,FUCTVGF4,HOSE,2022-09-26,,0.0,,2023,7,10,16859800000000.0
8445,1938,14.85,14.85,14.85,14.85,0,0.0,0.0,0,0,0,0.0,14.85,-0.05,0,Quỹ đầu tư tăng trưởng Thiên Việt 4,FUCTVGF4,HOSE,2022-09-26,,0.0,,2023,7,11,16906300000000.0
8444,1938,14.85,14.85,14.85,14.85,0,0.0,0.0,0,0,0,0.0,14.85,-0.05,0,Quỹ đầu tư tăng trưởng Thiên Việt 4,FUCTVGF4,HOSE,2022-09-26,,0.0,,2023,7,12,14380800000000.0
8443,1938,14.85,14.85,14.85,14.85,0,0.0,0.0,0,0,0,0.0,14.85,-0.05,0,Quỹ đầu tư tăng trưởng Thiên Việt 4,FUCTVGF4,HOSE,2022-09-26,,0.0,,2023,7,13,15494600000000.0
8442,1938,14.85,14.85,14.85,14.85,0,0.0,0.0,0,0,0,0.0,14.85,-0.05,0,Quỹ đầu tư tăng trưởng Thiên Việt 4,FUCTVGF4,HOSE,2022-09-26,,0.0,,2023,7,14,19329000000000.0
8441,1938,14.85,14.85,14.85,14.85,0,0.0,0.0,0,0,0,0.0,14.85,-0.05,0,Quỹ đầu tư tăng trưởng Thiên Việt 4,FUCTVGF4,HOSE,2022-09-26,,0.0,,2023,7,17,16810500000000.0
8440,1938,14.85,14.85,14.85,14.85,0,0.0,0.0,0,0,0,0.0,14.85,-0.05,0,Quỹ đầu tư tăng trưởng Thiên Việt 4,FUCTVGF4,HOSE,2022-09-26,,0.0,,2023,7,18,14914800000000.0
8439,1938,14.85,14.85,14.85,14.85,0,0.0,0.0,0,0,0,0.0,14.85,-0.05,0,Quỹ đầu tư tăng trưởng Thiên Việt 4,FUCTVGF4,HOSE,2022-09-26,,0.0,,2023,7,19,15498400000000.0
8438,1938,14.85,14.85,14.85,14.85,0,0.0,0.0,0,0,0,0.0,14.85,-0.05,0,Quỹ đầu tư tăng trưởng Thiên Việt 4,FUCTVGF4,HOSE,2022-09-26,,0.0,,2023,7,20,15475200000000.0
8437,1938,14.85,14.85,14.85,14.85,0,0.0,0.0,0,0,0,0.0,14.85,-0.05,0,Quỹ đầu tư tăng trưởng Thiên Việt 4,FUCTVGF4,HOSE,2022-09-26,,0.0,,2023,7,21,18451000000000.0
8436,1938,14.85,14.85,14.85,14.85,0,0.0,0.0,0,0,0,0.0,14.85,-0.05,0,Quỹ đầu tư tăng trưởng Thiên Việt 4,FUCTVGF4,HOSE,2022-09-26,,0.0,,2023,7,24,18688000000000.0
8435,1938,14.0,14.0,14.0,14.0,100,0.0,0.0,0,0,0,1000000.0,14.0,-0.9,0,Quỹ đầu tư tăng trưởng Thiên Việt 4,FUCTVGF4,HOSE,2022-09-26,,0.0,,2023,7,25,18592800000000.0
8434,1938,14.0,14.0,14.0,14.0,0,0.0,0.0,0,0,0,0.0,14.0,0.0,0,Quỹ đầu tư tăng trưởng Thiên Việt 4,FUCTVGF4,HOSE,2022-09-26,,0.0,,2023,7,26,16647500000000.0
8433,1938,14.0,14.0,14.0,14.0,0,0.0,0.0,0,0,0,0.0,14.0,0.0,0,Quỹ đầu tư tăng trưởng Thiên Việt 4,FUCTVGF4,HOSE,2022-09-26,,0.0,,2023,7,27,20936500000000.0
8432,1938,14.0,14.0,14.0,14.0,0,0.0,0.0,0,0,0,0.0,14.0,0.0,0,Quỹ đầu tư tăng trưởng Thiên Việt 4,FUCTVGF4,HOSE,2022-09-26,,0.0,,2023,7,28,20575600000000.0
8431,1938,14.0,14.0,14.0,14.0,0,0.0,0.0,0,0,0,0.0,14.0,0.0,0,Quỹ đầu tư tăng trưởng Thiên Việt 4,FUCTVGF4,HOSE,2022-09-26,,0.0,,2023,7,31,22454200000000.0
8430,1938,14.0,14.0,14.0,14.0,0,0.0,0.0,0,0,0,0.0,14.0,0.0,0,Quỹ đầu tư tăng trưởng Thiên Việt 4,FUCTVGF4,HOSE,2022-09-26,,0.0,,2023,8,1,24938500000000.0
8429,1938,14.0,14.0,14.0,14.0,0,0.0,0.0,0,0,0,0.0,14.0,0.0,0,Quỹ đầu tư tăng trưởng Thiên Việt 4,FUCTVGF4,HOSE,2022-09-26,,0.0,,2023,8,2,17143200000000.0
8428,1938,14.0,14.0,14.0,14.0,0,0.0,0.0,0,0,0,0.0,14.0,0.0,0,Quỹ đầu tư tăng trưởng Thiên Việt 4,FUCTVGF4,HOSE,2022-09-26,,0.0,,2023,8,3,20461800000000.0
8427,1938,14.0,14.0,14.0,14.0,0,0.0,0.0,0,0,0,0.0,14.0,0.0,0,Quỹ đầu tư tăng trưởng Thiên Việt 4,FUCTVGF4,HOSE,2022-09-26,,0.0,,2023,8,4,22079100000000.0
8426,1938,14.0,14.0,14.0,14.0,0,0.0,0.0,0,0,0,0.0,14.0,0.0,0,Quỹ đầu tư tăng trưởng Thiên Việt 4,FUCTVGF4,HOSE,2022-09-26,,0.0,,2023,8,7,22003800000000.0
8425,1938,14.0,14.0,14.0,14.0,0,0.0,0.0,0,0,0,0.0,14.0,0.0,0,Quỹ đầu tư tăng trưởng Thiên Việt 4,FUCTVGF4,HOSE,2022-09-26,,0.0,,2023,8,8,21269100000000.0
8424,1938,14.0,14.0,14.0,14.0,0,0.0,0.0,0,0,0,0.0,14.0,0.0,0,Quỹ đầu tư tăng trưởng Thiên Việt 4,FUCTVGF4,HOSE,2022-09-26,,0.0,,2023,8,9,19924900000000.0
8423,1938,14.0,14.0,14.0,14.0,0,0.0,0.0,0,0,0,0.0,14.0,0.0,0,Quỹ đầu tư tăng trưởng Thiên Việt 4,FUCTVGF4,HOSE,2022-09-26,,0.0,,2023,8,10,19577700000000.0
8422,1938,14.0,14.0,14.0,14.0,0,0.0,0.0,0,0,0,0.0,14.0,0.0,0,Quỹ đầu tư tăng trưởng Thiên Việt 4,FUCTVGF4,HOSE,2022-09-26,,0.0,,2023,8,11,20700500000000.0
8421,1938,14.0,14.0,14.0,14.0,0,0.0,0.0,0,0,0,0.0,14.0,0.0,0,Quỹ đầu tư tăng trưởng Thiên Việt 4,FUCTVGF4,HOSE,2022-09-26,,0.0,,2023,8,14,22022800000000.0
8420,1938,14.0,14.0,14.0,14.0,0,0.0,0.0,0,0,0,0.0,14.0,0.0,0,Quỹ đầu tư tăng trưởng Thiên Việt 4,FUCTVGF4,HOSE,2022-09-26,,0.0,,2023,8,15,17711800000000.0
8419,1938,14.0,14.0,14.0,14.0,0,0.0,0.0,0,0,0,0.0,14.0,0.0,0,Quỹ đầu tư tăng trưởng Thiên Việt 4,FUCTVGF4,HOSE,2022-09-26,,0.0,,2023,8,16,19056000000000.0
8418,1938,14.0,14.0,14.0,14.0,0,0.0,0.0,0,0,0,0.0,14.0,0.0,0,Quỹ đầu tư tăng trưởng Thiên Việt 4,FUCTVGF4,HOSE,2022-09-26,,0.0,,2023,8,17,23722700000000.0
8417,1938,14.0,14.0,14.0,14.0,0,0.0,0.0,0,0,0,0.0,14.0,0.0,0,Quỹ đầu tư tăng trưởng Thiên Việt 4,FUCTVGF4,HOSE,2022-09-26,,0.0,,2023,8,18,34907900000000.0
8416,1938,14.0,14.0,14.0,14.0,0,0.0,0.0,0,0,0,0.0,14.0,0.0,0,Quỹ đầu tư tăng trưởng Thiên Việt 4,FUCTVGF4,HOSE,2022-09-26,,0.0,,2023,8,21,20344800000000.0
8415,1938,14.0,14.0,14.0,14.0,0,0.0,0.0,0,0,0,0.0,14.0,0.0,0,Quỹ đầu tư tăng trưởng Thiên Việt 4,FUCTVGF4,HOSE,2022-09-26,,0.0,,2023,8,22,19959100000000.0
8414,1938,14.0,14.0,14.0,14.0,0,0.0,0.0,0,0,0,0.0,14.0,0.0,0,Quỹ đầu tư tăng trưởng Thiên Việt 4,FUCTVGF4,HOSE,2022-09-26,,0.0,,2023,8,23,14866800000000.0
8413,1938,14.0,14.0,14.0,14.0,0,0.0,0.0,0,0,0,0.0,14.0,0.0,0,Quỹ đầu tư tăng trưởng Thiên Việt 4,FUCTVGF4,HOSE,2022-09-26,,0.0,,2023,8,24,17239700000000.0
8412,1938,14.0,14.0,14.0,14.0,100,0.0,0.0,0,0,0,1000000.0,14.0,0.0,0,Quỹ đầu tư tăng trưởng Thiên Việt 4,FUCTVGF4,HOSE,2022-09-26,,0.0,,2023,8,25,18855600000000.0
8411,1938,13.2,13.2,13.2,13.2,100,0.0,0.0,0,0,0,1000000.0,13.2,-0.8,0,Quỹ đầu tư tăng trưởng Thiên Việt 4,FUCTVGF4,HOSE,2022-09-26,,0.0,,2023,8,28,17236200000000.0
8410,1938,13.2,13.2,13.2,13.2,0,0.0,0.0,0,0,0,0.0,13.2,0.0,0,Quỹ đầu tư tăng trưởng Thiên Việt 4,FUCTVGF4,HOSE,2022-09-26,,0.0,,2023,8,29,20019000000000.0
8409,1938,13.2,13.2,13.2,13.2,0,0.0,0.0,0,0,0,0.0,13.2,0.0,0,Quỹ đầu tư tăng trưởng Thiên Việt 4,FUCTVGF4,HOSE,2022-09-26,,0.0,,2023,8,30,19652000000000.0
8408,1938,13.2,13.2,13.2,13.2,0,0.0,0.0,0,0,0,0.0,13.2,0.0,0,Quỹ đầu tư tăng trưởng Thiên Việt 4,FUCTVGF4,HOSE,2022-09-26,,0.0,,2023,8,31,19932100000000.0
8407,1938,13.2,13.2,13.2,13.2,0,0.0,0.0,0,0,0,0.0,13.2,0.0,0,Quỹ đầu tư tăng trưởng Thiên Việt 4,FUCTVGF4,HOSE,2022-09-26,,0.0,,2023,9,5,21800300000000.0
8406,1938,13.2,13.2,13.2,13.2,0,0.0,0.0,0,0,0,0.0,13.2,0.0,0,Quỹ đầu tư tăng trưởng Thiên Việt 4,FUCTVGF4,HOSE,2022-09-26,,0.0,,2023,9,6,23699900000000.0
8405,1938,13.2,13.2,13.2,13.2,0,0.0,0.0,0,0,0,0.0,13.2,0.0,0,Quỹ đầu tư tăng trưởng Thiên Việt 4,FUCTVGF4,HOSE,2022-09-26,,0.0,,2023,9,7,23917000000000.0
8404,1938,13.2,13.2,13.2,13.2,0,0.0,0.0,0,0,0,0.0,13.2,0.0,0,Quỹ đầu tư tăng trưởng Thiên Việt 4,FUCTVGF4,HOSE,2022-09-26,,0.0,,2023,9,8,22648600000000.0
8403,1938,13.2,13.2,13.2,13.2,0,0.0,0.0,0,0,0,0.0,13.2,0.0,0,Quỹ đầu tư tăng trưởng Thiên Việt 4,FUCTVGF4,HOSE,2022-09-26,,0.0,,2023,9,11,29865500000000.0
8402,1938,13.2,13.2,13.2,13.2,0,0.0,0.0,0,0,0,0.0,13.2,0.0,0,Quỹ đầu tư tăng trưởng Thiên Việt 4,FUCTVGF4,HOSE,2022-09-26,,0.0,,2023,9,12,20400700000000.0
8401,1938,13.2,13.2,13.2,13.2,0,0.0,0.0,0,0,0,0.0,13.2,0.0,0,Quỹ đầu tư tăng trưởng Thiên Việt 4,FUCTVGF4,HOSE,2022-09-26,,0.0,,2023,9,13,27622300000000.0
8400,1938,13.2,13.2,13.2,13.2,0,0.0,0.0,0,0,0,0.0,13.2,0.0,0,Quỹ đầu tư tăng trưởng Thiên Việt 4,FUCTVGF4,HOSE,2022-09-26,,0.0,,2023,9,14,25379000000000.0
8399,1938,12.3,12.3,12.3,12.3,100,0.0,0.0,0,0,0,1000000.0,12.3,-0.9,0,Quỹ đầu tư tăng trưởng Thiên Việt 4,FUCTVGF4,HOSE,2022-09-26,,0.0,,2023,9,15,20261600000000.0
8398,1938,12.3,12.3,12.3,12.3,0,0.0,0.0,0,0,0,0.0,12.3,0.0,0,Quỹ đầu tư tăng trưởng Thiên Việt 4,FUCTVGF4,HOSE,2022-09-26,,0.0,,2023,9,18,17480600000000.0
8397,1938,12.3,12.3,12.3,12.3,0,0.0,0.0,0,0,0,0.0,12.3,0.0,0,Quỹ đầu tư tăng trưởng Thiên Việt 4,FUCTVGF4,HOSE,2022-09-26,,0.0,,2023,9,19,20485600000000.0
8396,1938,12.3,12.3,12.3,12.3,0,0.0,0.0,0,0,0,0.0,12.3,0.0,0,Quỹ đầu tư tăng trưởng Thiên Việt 4,FUCTVGF4,HOSE,2022-09-26,,0.0,,2023,9,20,18038100000000.0
8395,1938,12.3,12.3,12.3,12.3,0,0.0,0.0,0,0,0,0.0,12.3,0.0,0,Quỹ đầu tư tăng trưởng Thiên Việt 4,FUCTVGF4,HOSE,2022-09-26,,0.0,,2023,9,21,21643200000000.0
8394,1938,13.15,13.15,13.15,13.15,100,0.0,0.0,0,0,0,1000000.0,13.15,0.85,0,Quỹ đầu tư tăng trưởng Thiên Việt 4,FUCTVGF4,HOSE,2022-09-26,,0.0,,2023,9,22,30282600000000.0
8393,1938,13.15,13.15,13.15,13.15,0,0.0,0.0,0,0,0,0.0,13.15,0.0,0,Quỹ đầu tư tăng trưởng Thiên Việt 4,FUCTVGF4,HOSE,2022-09-26,,0.0,,2023,9,25,21653200000000.0
8392,1938,13.15,13.15,13.15,13.15,0,0.0,0.0,0,0,0,0.0,13.15,0.0,0,Quỹ đầu tư tăng trưởng Thiên Việt 4,FUCTVGF4,HOSE,2022-09-26,,0.0,,2023,9,26,19952900000000.0
8391,1938,13.15,13.15,13.15,13.15,0,0.0,0.0,0,0,0,0.0,13.15,0.0,0,Quỹ đầu tư tăng trưởng Thiên Việt 4,FUCTVGF4,HOSE,2022-09-26,,0.0,,2023,9,27,16314800000000.0
8390,1938,13.15,13.15,13.15,13.15,0,0.0,0.0,0,0,0,0.0,13.15,0.0,0,Quỹ đầu tư tăng trưởng Thiên Việt 4,FUCTVGF4,HOSE,2022-09-26,,0.0,,2023,9,28,14705300000000.0
8389,1938,13.15,13.15,13.15,13.15,0,0.0,0.0,0,0,0,0.0,13.15,0.0,0,Quỹ đầu tư tăng trưởng Thiên Việt 4,FUCTVGF4,HOSE,2022-09-26,,0.0,,2023,9,29,12008000000000.0
8388,1938,13.15,13.15,13.15,13.15,0,0.0,0.0,0,0,0,0.0,13.15,0.0,0,Quỹ đầu tư tăng trưởng Thiên Việt 4,FUCTVGF4,HOSE,2022-09-26,,0.0,,2023,10,2,10069000000000.0
8387,1938,13.15,13.15,13.15,13.15,0,0.0,0.0,0,0,0,0.0,13.15,0.0,0,Quỹ đầu tư tăng trưởng Thiên Việt 4,FUCTVGF4,HOSE,2022-09-26,,0.0,,2023,10,3,19759500000000.0
8386,1938,13.15,13.15,13.15,13.15,0,0.0,0.0,0,0,0,0.0,13.15,0.0,0,Quỹ đầu tư tăng trưởng Thiên Việt 4,FUCTVGF4,HOSE,2022-09-26,,0.0,,2023,10,4,14054200000000.0
8385,1938,13.15,13.15,13.15,13.15,0,0.0,0.0,0,0,0,0.0,13.15,0.0,0,Quỹ đầu tư tăng trưởng Thiên Việt 4,FUCTVGF4,HOSE,2022-09-26,,0.0,,2023,10,5,11667000000000.0
8384,1938,13.15,13.15,13.15,13.15,0,0.0,0.0,0,0,0,0.0,13.15,0.0,0,Quỹ đầu tư tăng trưởng Thiên Việt 4,FUCTVGF4,HOSE,2022-09-26,,0.0,,2023,10,6,12466900000000.0
8383,1938,13.15,13.15,13.15,13.15,0,0.0,0.0,0,0,0,0.0,13.15,0.0,0,Quỹ đầu tư tăng trưởng Thiên Việt 4,FUCTVGF4,HOSE,2022-09-26,,0.0,,2023,10,9,12309700000000.0
8382,1938,13.15,13.15,13.15,13.15,0,0.0,0.0,0,0,0,0.0,13.15,0.0,0,Quỹ đầu tư tăng trưởng Thiên Việt 4,FUCTVGF4,HOSE,2022-09-26,,0.0,,2023,10,10,14195100000000.0
8381,1938,13.15,13.15,13.15,13.15,0,0.0,0.0,0,0,0,0.0,13.15,0.0,0,Quỹ đầu tư tăng trưởng Thiên Việt 4,FUCTVGF4,HOSE,2022-09-26,,0.0,,2023,10,11,11251500000000.0
8380,1938,13.15,13.15,13.15,13.15,0,0.0,0.0,0,0,0,0.0,13.15,0.0,0,Quỹ đầu tư tăng trưởng Thiên Việt 4,FUCTVGF4,HOSE,2022-09-26,,0.0,,2023,10,12,13898100000000.0
8379,1938,13.15,13.15,13.15,13.15,0,0.0,0.0,0,0,0,0.0,13.15,0.0,0,Quỹ đầu tư tăng trưởng Thiên Việt 4,FUCTVGF4,HOSE,2022-09-26,,0.0,,2023,10,13,13191300000000.0
8378,1938,13.15,13.15,13.15,13.15,0,0.0,0.0,0,0,0,0.0,13.15,0.0,0,Quỹ đầu tư tăng trưởng Thiên Việt 4,FUCTVGF4,HOSE,2022-09-26,,0.0,,2023,10,16,14206200000000.0
8377,1938,13.15,13.15,13.15,13.15,0,0.0,0.0,0,0,0,0.0,13.15,0.0,0,Quỹ đầu tư tăng trưởng Thiên Việt 4,FUCTVGF4,HOSE,2022-09-26,,0.0,,2023,10,17,12713000000000.0
8376,1938,13.15,13.15,13.15,13.15,0,0.0,0.0,0,0,0,0.0,13.15,0.0,0,Quỹ đầu tư tăng trưởng Thiên Việt 4,FUCTVGF4,HOSE,2022-09-26,,0.0,,2023,10,18,19692100000000.0
8375,1938,13.15,13.15,13.15,13.15,0,0.0,0.0,0,0,0,0.0,13.15,0.0,0,Quỹ đầu tư tăng trưởng Thiên Việt 4,FUCTVGF4,HOSE,2022-09-26,,0.0,,2023,10,19,12695400000000.0
8374,1938,13.15,13.15,13.15,13.15,0,0.0,0.0,0,0,0,0.0,13.15,0.0,0,Quỹ đầu tư tăng trưởng Thiên Việt 4,FUCTVGF4,HOSE,2022-09-26,,0.0,,2023,10,20,12391700000000.0
8373,1938,13.15,13.15,13.15,13.15,0,0.0,0.0,0,0,0,0.0,13.15,0.0,0,Quỹ đầu tư tăng trưởng Thiên Việt 4,FUCTVGF4,HOSE,2022-09-26,,0.0,,2023,10,23,10110000000000.0
8372,1938,13.15,13.15,13.15,13.15,0,0.0,0.0,0,0,0,0.0,13.15,0.0,0,Quỹ đầu tư tăng trưởng Thiên Việt 4,FUCTVGF4,HOSE,2022-09-26,,0.0,,2023,10,24,9109930000000.0
8371,1938,13.15,13.15,13.15,13.15,0,0.0,0.0,0,0,0,0.0,13.15,0.0,0,Quỹ đầu tư tăng trưởng Thiên Việt 4,FUCTVGF4,HOSE,2022-09-26,,0.0,,2023,10,25,9692920000000.0
session_id,stock_id,open_price,close_price,high_price,low_price,volume_detail,ceiling_price,floor_price,buy_volume,sell_volume,net_volume,matched_value,adjust_price,change_percent,outstanding_share,name,code,stock_space,join_date,leave_date,init_price,category,year,month,day_of_month,volume_session
8641,1938,12.3,12.3,12.3,12.3,200,0.0,0.0,0,0,0,2000000.0,12.3,0.2,0,Quỹ đầu tư tăng trưởng Thiên Việt 4,FUCTVGF4,HOSE,2022-09-26,,0.0,,2022,9,27,9196100000000.0
8640,1938,13.15,13.15,13.15,13.15,100,0.0,0.0,0,0,0,1000000.0,13.15,0.85,0,Quỹ đầu tư tăng trưởng Thiên Việt 4,FUCTVGF4,HOSE,2022-09-26,,0.0,,2022,9,28,10714800000000.0
8639,1938,13.15,13.5,13.5,13.15,200,0.0,0.0,0,0,0,2000000.0,13.5,0.3,0,Quỹ đầu tư tăng trưởng Thiên Việt 4,FUCTVGF4,HOSE,2022-09-26,,0.0,,2022,9,29,9159920000000.0
8638,1938,14.4,14.4,14.4,14.4,100,0.0,0.0,0,0,0,1000000.0,14.4,0.9,0,Quỹ đầu tư tăng trưởng Thiên Việt 4,FUCTVGF4,HOSE,2022-09-26,,0.0,,2022,9,30,13037700000000.0
8637,1938,14.5,14.6,14.6,14.5,1000,0.0,0.0,0,0,0,14000000.0,14.6,0.2,0,Quỹ đầu tư tăng trưởng Thiên Việt 4,FUCTVGF4,HOSE,2022-09-26,,0.0,,2022,10,3,10066100000000.0
8636,1938,14.6,14.6,14.6,14.6,0,0.0,0.0,0,0,0,0.0,14.6,0.0,0,Quỹ đầu tư tăng trưởng Thiên Việt 4,FUCTVGF4,HOSE,2022-09-26,,0.0,,2022,10,4,10305700000000.0
8635,1938,15.6,15.6,15.6,15.6,100,0.0,0.0,0,0,0,1000000.0,15.6,1.0,0,Quỹ đầu tư tăng trưởng Thiên Việt 4,FUCTVGF4,HOSE,2022-09-26,,0.0,,2022,10,5,7946150000000.0
8634,1938,16.65,16.65,16.65,16.65,500,0.0,0.0,0,0,0,8000000.0,16.65,1.05,0,Quỹ đầu tư tăng trưởng Thiên Việt 4,FUCTVGF4,HOSE,2022-09-26,,0.0,,2022,10,6,9799590000000.0
8633,1938,17.8,17.8,17.8,17.8,100,0.0,0.0,0,0,0,1000000.0,17.8,1.1,0,Quỹ đầu tư tăng trưởng Thiên Việt 4,FUCTVGF4,HOSE,2022-09-26,,0.0,,2022,10,7,14214200000000.0
8632,1938,18.95,18.95,18.95,18.95,200,0.0,0.0,0,0,0,3000000.0,18.95,1.15,0,Quỹ đầu tư tăng trưởng Thiên Việt 4,FUCTVGF4,HOSE,2022-09-26,,0.0,,2022,10,10,9852950000000.0
8631,1938,20.25,20.25,20.25,20.25,200,0.0,0.0,0,0,0,4000000.0,20.25,1.25,0,Quỹ đầu tư tăng trưởng Thiên Việt 4,FUCTVGF4,HOSE,2022-09-26,,0.0,,2022,10,11,10423500000000.0
8630,1938,21.55,21.6,21.6,21.55,200,0.0,0.0,0,0,0,4000000.0,21.6,1.3,0,Quỹ đầu tư tăng trưởng Thiên Việt 4,FUCTVGF4,HOSE,2022-09-26,,0.0,,2022,10,12,9755430000000.0
8629,1938,21.5,21.5,21.5,21.5,100,0.0,0.0,0,0,0,2000000.0,21.5,-0.1,0,Quỹ đầu tư tăng trưởng Thiên Việt 4,FUCTVGF4,HOSE,2022-09-26,,0.0,,2022,10,13,7372900000000.0
8628,1938,21.5,21.5,21.5,21.5,0,0.0,0.0,0,0,0,0.0,21.5,0.0,0,Quỹ đầu tư tăng trưởng Thiên Việt 4,FUCTVGF4,HOSE,2022-09-26,,0.0,,2022,10,14,9673280000000.0
8627,1938,21.5,21.5,21.5,21.5,0,0.0,0.0,0,0,0,0.0,21.5,0.0,0,Quỹ đầu tư tăng trưởng Thiên Việt 4,FUCTVGF4,HOSE,2022-09-26,,0.0,,2022,10,17,8025360000000.0
8626,1938,20.0,20.0,20.0,20.0,100,0.0,0.0,0,0,0,2000000.0,20.0,-1.5,0,Quỹ đầu tư tăng trưởng Thiên Việt 4,FUCTVGF4,HOSE,2022-09-26,,0.0,,2022,10,18,9067700000000.0
8625,1938,20.0,20.0,20.0,20.0,0,0.0,0.0,0,0,0,0.0,20.0,0.0,0,Quỹ đầu tư tăng trưởng Thiên Việt 4,FUCTVGF4,HOSE,2022-09-26,,0.0,,2022,10,19,6419260000000.0
8624,1938,20.0,20.0,20.0,20.0,0,0.0,0.0,0,0,0,0.0,20.0,0.0,0,Quỹ đầu tư tăng trưởng Thiên Việt 4,FUCTVGF4,HOSE,2022-09-26,,0.0,,2022,10,20,7170160000000.0
8623,1938,20.0,20.0,20.0,20.0,0,0.0,0.0,0,0,0,0.0,20.0,0.0,0,Quỹ đầu tư tăng trưởng Thiên Việt 4,FUCTVGF4,HOSE,2022-09-26,,0.0,,2022,10,21,11596800000000.0
8622,1938,20.0,20.0,20.0,20.0,0,0.0,0.0,0,0,0,0.0,20.0,0.0,0,Quỹ đầu tư tăng trưởng Thiên Việt 4,FUCTVGF4,HOSE,2022-09-26,,0.0,,2022,10,24,8980430000000.0
8621,1938,20.0,20.0,20.0,20.0,0,0.0,0.0,0,0,0,0.0,20.0,0.0,0,Quỹ đầu tư tăng trưởng Thiên Việt 4,FUCTVGF4,HOSE,2022-09-26,,0.0,,2022,10,25,10951700000000.0
8620,1938,20.0,20.0,20.0,20.0,0,0.0,0.0,0,0,0,0.0,20.0,0.0,0,Quỹ đầu tư tăng trưởng Thiên Việt 4,FUCTVGF4,HOSE,2022-09-26,,0.0,,2022,10,26,5820330000000.0
8619,1938,20.0,20.0,20.0,20.0,0,0.0,0.0,0,0,0,0.0,20.0,0.0,0,Quỹ đầu tư tăng trưởng Thiên Việt 4,FUCTVGF4,HOSE,2022-09-26,,0.0,,2022,10,27,9532230000000.0
8618,1938,20.0,20.0,20.0,20.0,0,0.0,0.0,0,0,0,0.0,20.0,0.0,0,Quỹ đầu tư tăng trưởng Thiên Việt 4,FUCTVGF4,HOSE,2022-09-26,,0.0,,2022,10,28,8668290000000.0
8617,1938,20.0,20.0,20.0,20.0,0,0.0,0.0,0,0,0,0.0,20.0,0.0,0,Quỹ đầu tư tăng trưởng Thiên Việt 4,FUCTVGF4,HOSE,2022-09-26,,0.0,,2022,10,31,9841050000000.0
8616,1938,20.0,20.0,20.0,20.0,0,0.0,0.0,0,0,0,0.0,20.0,0.0,0,Quỹ đầu tư tăng trưởng Thiên Việt 4,FUCTVGF4,HOSE,2022-09-26,,0.0,,2022,11,1,9823020000000.0
8615,1938,20.0,20.0,20.0,20.0,0,0.0,0.0,0,0,0,0.0,20.0,0.0,0,Quỹ đầu tư tăng trưởng Thiên Việt 4,FUCTVGF4,HOSE,2022-09-26,,0.0,,2022,11,2,8708510000000.0
8614,1938,18.6,18.6,18.6,18.6,100,0.0,0.0,0,0,0,1000000.0,18.6,-1.4,0,Quỹ đầu tư tăng trưởng Thiên Việt 4,FUCTVGF4,HOSE,2022-09-26,,0.0,,2022,11,3,6985380000000.0
8613,1938,18.6,18.6,18.6,18.6,0,0.0,0.0,0,0,0,0.0,18.6,0.0,0,Quỹ đầu tư tăng trưởng Thiên Việt 4,FUCTVGF4,HOSE,2022-09-26,,0.0,,2022,11,4,11434600000000.0
8612,1938,18.6,18.6,18.6,18.6,0,0.0,0.0,0,0,0,0.0,18.6,0.0,0,Quỹ đầu tư tăng trưởng Thiên Việt 4,FUCTVGF4,HOSE,2022-09-26,,0.0,,2022,11,7,8376320000000.0
8611,1938,17.3,17.3,17.3,17.3,100,0.0,0.0,0,0,0,1000000.0,17.3,-1.3,0,Quỹ đầu tư tăng trưởng Thiên Việt 4,FUCTVGF4,HOSE,2022-09-26,,0.0,,2022,11,8,8117080000000.0
8610,1938,16.1,16.1,16.1,16.1,100,0.0,0.0,0,0,0,1000000.0,16.1,-1.2,0,Quỹ đầu tư tăng trưởng Thiên Việt 4,FUCTVGF4,HOSE,2022-09-26,,0.0,,2022,11,9,7729010000000.0
8609,1938,16.05,16.05,16.05,16.05,100,0.0,0.0,0,0,0,1000000.0,16.05,-0.05,0,Quỹ đầu tư tăng trưởng Thiên Việt 4,FUCTVGF4,HOSE,2022-09-26,,0.0,,2022,11,10,9364510000000.0
8608,1938,16.0,16.0,16.0,16.0,100,0.0,0.0,0,0,0,1000000.0,16.0,-0.1,0,Quỹ đầu tư tăng trưởng Thiên Việt 4,FUCTVGF4,HOSE,2022-09-26,,0.0,,2022,11,11,9430280000000.0
8607,1938,16.0,16.0,16.0,16.0,0,0.0,0.0,0,0,0,0.0,16.0,0.0,0,Quỹ đầu tư tăng trưởng Thiên Việt 4,FUCTVGF4,HOSE,2022-09-26,,0.0,,2022,11,14,8139810000000.0
8606,1938,14.9,14.9,14.9,14.9,100,0.0,0.0,0,0,0,1000000.0,14.9,-1.1,0,Quỹ đầu tư tăng trưởng Thiên Việt 4,FUCTVGF4,HOSE,2022-09-26,,0.0,,2022,11,15,9523820000000.0
8605,1938,14.9,14.9,14.9,14.9,0,0.0,0.0,0,0,0,0.0,14.9,0.0,0,Quỹ đầu tư tăng trưởng Thiên Việt 4,FUCTVGF4,HOSE,2022-09-26,,0.0,,2022,11,16,12296100000000.0
8604,1938,14.9,14.9,14.9,14.9,0,0.0,0.0,0,0,0,0.0,14.9,0.0,0,Quỹ đầu tư tăng trưởng Thiên Việt 4,FUCTVGF4,HOSE,2022-09-26,,0.0,,2022,11,17,9178100000000.0
8603,1938,13.9,13.9,13.9,13.9,100,0.0,0.0,0,0,0,1000000.0,13.9,-1.0,0,Quỹ đầu tư tăng trưởng Thiên Việt 4,FUCTVGF4,HOSE,2022-09-26,,0.0,,2022,11,18,11559800000000.0
8602,1938,13.9,13.9,13.9,13.9,0,0.0,0.0,0,0,0,0.0,13.9,0.0,0,Quỹ đầu tư tăng trưởng Thiên Việt 4,FUCTVGF4,HOSE,2022-09-26,,0.0,,2022,11,21,7410510000000.0
8601,1938,12.95,12.95,12.95,12.95,100,0.0,0.0,0,0,0,1000000.0,12.95,-0.95,0,Quỹ đầu tư tăng trưởng Thiên Việt 4,FUCTVGF4,HOSE,2022-09-26,,0.0,,2022,11,22,15297500000000.0
8600,1938,12.05,12.05,12.05,12.05,100,0.0,0.0,0,0,0,1000000.0,12.05,-0.95,0,Quỹ đầu tư tăng trưởng Thiên Việt 4,FUCTVGF4,HOSE,2022-09-26,,0.0,,2022,11,23,6938150000000.0
8599,1938,11.25,11.25,11.25,11.25,100,0.0,0.0,0,0,0,1000000.0,11.25,-0.8,0,Quỹ đầu tư tăng trưởng Thiên Việt 4,FUCTVGF4,HOSE,2022-09-26,,0.0,,2022,11,24,5266400000000.0
8598,1938,10.5,10.5,10.5,10.5,100,0.0,0.0,0,0,0,1000000.0,10.5,-0.8,0,Quỹ đầu tư tăng trưởng Thiên Việt 4,FUCTVGF4,HOSE,2022-09-26,,0.0,,2022,11,25,8418890000000.0
8597,1938,9.78,9.78,9.78,9.78,100,0.0,0.0,0,0,0,0.0,9.78,-0.72,0,Quỹ đầu tư tăng trưởng Thiên Việt 4,FUCTVGF4,HOSE,2022-09-26,,0.0,,2022,11,28,13955000000000.0
8596,1938,9.95,9.95,9.95,9.95,100,0.0,0.0,0,0,0,0.0,9.95,0.15,0,Quỹ đầu tư tăng trưởng Thiên Việt 4,FUCTVGF4,HOSE,2022-09-26,,0.0,,2022,11,29,16505200000000.0
8595,1938,9.26,9.26,9.26,9.26,600,0.0,0.0,0,0,0,5000000.0,9.26,-0.74,0,Quỹ đầu tư tăng trưởng Thiên Việt 4,FUCTVGF4,HOSE,2022-09-26,,0.0,,2022,11,30,14346100000000.0
8594,1938,8.62,8.62,8.62,8.62,100,0.0,0.0,0,0,0,0.0,8.62,-0.68,0,Quỹ đầu tư tăng trưởng Thiên Việt 4,FUCTVGF4,HOSE,2022-09-26,,0.0,,2022,12,1,20313700000000.0
8593,1938,8.02,8.02,8.02,8.02,100,0.0,0.0,0,0,0,0.0,8.02,-0.58,0,Quỹ đầu tư tăng trưởng Thiên Việt 4,FUCTVGF4,HOSE,2022-09-26,,0.0,,2022,12,2,16294900000000.0
8592,1938,7.46,7.46,7.46,7.46,100,0.0,0.0,0,0,0,0.0,7.46,-0.54,0,Quỹ đầu tư tăng trưởng Thiên Việt 4,FUCTVGF4,HOSE,2022-09-26,,0.0,,2022,12,5,17955400000000.0
8591,1938,6.94,6.95,6.95,6.94,600,0.0,0.0,0,0,0,4000000.0,6.95,-0.55,0,Quỹ đầu tư tăng trưởng Thiên Việt 4,FUCTVGF4,HOSE,2022-09-26,,0.0,,2022,12,6,21730000000000.0
8590,1938,6.47,6.47,6.47,6.47,100,0.0,0.0,0,0,0,0.0,6.47,-0.53,0,Quỹ đầu tư tăng trưởng Thiên Việt 4,FUCTVGF4,HOSE,2022-09-26,,0.0,,2022,12,7,12760100000000.0
8589,1938,6.02,6.03,6.03,6.02,200,0.0,0.0,0,0,0,1000000.0,6.03,-0.47,0,Quỹ đầu tư tăng trưởng Thiên Việt 4,FUCTVGF4,HOSE,2022-09-26,,0.0,,2022,12,8,14513000000000.0
8588,1938,6.45,6.45,6.45,6.45,100,0.0,0.0,0,0,0,0.0,6.45,0.45,0,Quỹ đầu tư tăng trưởng Thiên Việt 4,FUCTVGF4,HOSE,2022-09-26,,0.0,,2022,12,9,11801500000000.0
8587,1938,6.9,6.9,6.9,6.9,100,0.0,0.0,0,0,0,0.0,6.9,0.4,0,Quỹ đầu tư tăng trưởng Thiên Việt 4,FUCTVGF4,HOSE,2022-09-26,,0.0,,2022,12,12,13526800000000.0
8586,1938,7.38,7.38,7.38,7.38,100,0.0,0.0,0,0,0,0.0,7.38,0.48,0,Quỹ đầu tư tăng trưởng Thiên Việt 4,FUCTVGF4,HOSE,2022-09-26,,0.0,,2022,12,13,12111200000000.0
8585,1938,7.0,7.89,7.89,7.0,200,0.0,0.0,0,0,0,1000000.0,7.89,0.49,0,Quỹ đầu tư tăng trưởng Thiên Việt 4,FUCTVGF4,HOSE,2022-09-26,,0.0,,2022,12,14,11211800000000.0
8584,1938,7.4,8.44,8.44,7.4,900,0.0,0.0,0,0,0,7000000.0,8.44,0.54,0,Quỹ đầu tư tăng trưởng Thiên Việt 4,FUCTVGF4,HOSE,2022-09-26,,0.0,,2022,12,15,11226300000000.0
8583,1938,9.03,9.03,9.03,9.03,100,0.0,0.0,0,0,0,0.0,9.03,0.63,0,Quỹ đầu tư tăng trưởng Thiên Việt 4,FUCTVGF4,HOSE,2022-09-26,,0.0,,2022,12,16,13630200000000.0
8582,1938,8.67,9.66,9.66,8.67,200,0.0,0.0,0,0,0,1000000.0,9.66,0.66,0,Quỹ đầu tư tăng trưởng Thiên Việt 4,FUCTVGF4,HOSE,2022-09-26,,0.0,,2022,12,19,14244900000000.0
8581,1938,10.2,10.2,10.2,10.2,200,0.0,0.0,0,0,0,2000000.0,10.2,0.5,0,Quỹ đầu tư tăng trưởng Thiên Việt 4,FUCTVGF4,HOSE,2022-09-26,,0.0,,2022,12,20,14861800000000.0
8580,1938,10.8,10.8,10.8,9.49,900,0.0,0.0,0,0,0,9000000.0,10.8,0.6,0,Quỹ đầu tư tăng trưởng Thiên Việt 4,FUCTVGF4,HOSE,2022-09-26,,0.0,,2022,12,21,10706400000000.0
8579,1938,11.5,11.5,11.5,11.5,400,0.0,0.0,0,0,0,4000000.0,11.5,0.7,0,Quỹ đầu tư tăng trưởng Thiên Việt 4,FUCTVGF4,HOSE,2022-09-26,,0.0,,2022,12,22,8417330000000.0
8578,1938,12.2,10.7,12.2,10.7,200,0.0,0.0,0,0,0,2000000.0,10.7,-0.8,0,Quỹ đầu tư tăng trưởng Thiên Việt 4,FUCTVGF4,HOSE,2022-09-26,,0.0,,2022,12,23,6802410000000.0
8577,1938,10.75,11.4,11.4,10.75,200,0.0,0.0,0,0,0,2000000.0,11.4,0.7,0,Quỹ đầu tư tăng trưởng Thiên Việt 4,FUCTVGF4,HOSE,2022-09-26,,0.0,,2022,12,26,9976350000000.0
8576,1938,12.15,12.15,12.15,12.15,200,0.0,0.0,0,0,0,2000000.0,12.15,0.75,0,Quỹ đầu tư tăng trưởng Thiên Việt 4,FUCTVGF4,HOSE,2022-09-26,,0.0,,2022,12,27,7573560000000.0
8575,1938,13.0,13.0,13.0,13.0,200,0.0,0.0,0,0,0,2000000.0,13.0,0.8,0,Quỹ đầu tư tăng trưởng Thiên Việt 4,FUCTVGF4,HOSE,2022-09-26,,0.0,,2022,12,28,6436030000000.0
8574,1938,13.9,13.9,13.9,13.9,100,0.0,0.0,0,0,0,1000000.0,13.9,0.9,0,Quỹ đầu tư tăng trưởng Thiên Việt 4,FUCTVGF4,HOSE,2022-09-26,,0.0,,2022,12,29,5850920000000.0
8573,1938,14.8,14.85,14.85,14.8,200,0.0,0.0,0,0,0,2000000.0,14.85,0.95,0,Quỹ đầu tư tăng trưởng Thiên Việt 4,FUCTVGF4,HOSE,2022-09-26,,0.0,,2022,12,30,5606370000000.0
8572,1938,14.85,14.85,14.85,14.85,0,0.0,0.0,0,0,0,0.0,14.85,-0.05,0,Quỹ đầu tư tăng trưởng Thiên Việt 4,FUCTVGF4,HOSE,2022-09-26,,0.0,,2023,1,3,8363590000000.0
8571,1938,14.85,14.85,14.85,14.85,0,0.0,0.0,0,0,0,0.0,14.85,-0.05,0,Quỹ đầu tư tăng trưởng Thiên Việt 4,FUCTVGF4,HOSE,2022-09-26,,0.0,,2023,1,4,9094890000000.0
8570,1938,14.85,14.85,14.85,14.85,0,0.0,0.0,0,0,0,0.0,14.85,-0.05,0,Quỹ đầu tư tăng trưởng Thiên Việt 4,FUCTVGF4,HOSE,2022-09-26,,0.0,,2023,1,5,8148840000000.0
8569,1938,14.85,14.85,14.85,14.85,0,0.0,0.0,0,0,0,0.0,14.85,-0.05,0,Quỹ đầu tư tăng trưởng Thiên Việt 4,FUCTVGF4,HOSE,2022-09-26,,0.0,,2023,1,6,10120000000000.0
8568,1938,14.85,14.85,14.85,14.85,0,0.0,0.0,0,0,0,0.0,14.85,-0.05,0,Quỹ đầu tư tăng trưởng Thiên Việt 4,FUCTVGF4,HOSE,2022-09-26,,0.0,,2023,1,9,6513680000000.0
8567,1938,14.85,14.85,14.85,14.85,0,0.0,0.0,0,0,0,0.0,14.85,-0.05,0,Quỹ đầu tư tăng trưởng Thiên Việt 4,FUCTVGF4,HOSE,2022-09-26,,0.0,,2023,1,10,7166180000000.0
8566,1938,14.85,14.85,14.85,14.85,0,0.0,0.0,0,0,0,0.0,14.85,-0.05,0,Quỹ đầu tư tăng trưởng Thiên Việt 4,FUCTVGF4,HOSE,2022-09-26,,0.0,,2023,1,11,8245680000000.0
8565,1938,14.85,14.85,14.85,14.85,0,0.0,0.0,0,0,0,0.0,14.85,-0.05,0,Quỹ đầu tư tăng trưởng Thiên Việt 4,FUCTVGF4,HOSE,2022-09-26,,0.0,,2023,1,12,6483730000000.0
8564,1938,14.85,14.85,14.85,14.85,0,0.0,0.0,0,0,0,0.0,14.85,-0.05,0,Quỹ đầu tư tăng trưởng Thiên Việt 4,FUCTVGF4,HOSE,2022-09-26,,0.0,,2023,1,13,12394800000000.0
8563,1938,14.85,14.85,14.85,14.85,0,0.0,0.0,0,0,0,0.0,14.85,-0.05,0,Quỹ đầu tư tăng trưởng Thiên Việt 4,FUCTVGF4,HOSE,2022-09-26,,0.0,,2023,1,16,6729380000000.0
8562,1938,14.85,14.85,14.85,14.85,0,0.0,0.0,0,0,0,0.0,14.85,-0.05,0,Quỹ đầu tư tăng trưởng Thiên Việt 4,FUCTVGF4,HOSE,2022-09-26,,0.0,,2023,1,17,10169200000000.0
8561,1938,14.85,14.85,14.85,14.85,0,0.0,0.0,0,0,0,0.0,14.85,-0.05,0,Quỹ đầu tư tăng trưởng Thiên Việt 4,FUCTVGF4,HOSE,2022-09-26,,0.0,,2023,1,18,9383620000000.0
8560,1938,14.85,14.85,14.85,14.85,0,0.0,0.0,0,0,0,0.0,14.85,-0.05,0,Quỹ đầu tư tăng trưởng Thiên Việt 4,FUCTVGF4,HOSE,2022-09-26,,0.0,,2023,1,19,10554200000000.0
8559,1938,14.85,14.85,14.85,14.85,0,0.0,0.0,0,0,0,0.0,14.85,-0.05,0,Quỹ đầu tư tăng trưởng Thiên Việt 4,FUCTVGF4,HOSE,2022-09-26,,0.0,,2023,1,27,10373200000000.0
8558,1938,14.85,14.85,14.85,14.85,0,0.0,0.0,0,0,0,0.0,14.85,-0.05,0,Quỹ đầu tư tăng trưởng Thiên Việt 4,FUCTVGF4,HOSE,2022-09-26,,0.0,,2023,1,30,12587800000000.0
8557,1938,14.85,14.85,14.85,14.85,0,0.0,0.0,0,0,0,0.0,14.85,-0.05,0,Quỹ đầu tư tăng trưởng Thiên Việt 4,FUCTVGF4,HOSE,2022-09-26,,0.0,,2023,1,31,11734600000000.0
8556,1938,14.85,14.85,14.85,14.85,0,0.0,0.0,0,0,0,0.0,14.85,-0.05,0,Quỹ đầu tư tăng trưởng Thiên Việt 4,FUCTVGF4,HOSE,2022-09-26,,0.0,,2023,2,1,16393800000000.0
8555,1938,14.85,14.85,14.85,14.85,0,0.0,0.0,0,0,0,0.0,14.85,-0.05,0,Quỹ đầu tư tăng trưởng Thiên Việt 4,FUCTVGF4,HOSE,2022-09-26,,0.0,,2023,2,2,9923140000000.0
8554,1938,14.85,14.85,14.85,14.85,0,0.0,0.0,0,0,0,0.0,14.85,-0.05,0,Quỹ đầu tư tăng trưởng Thiên Việt 4,FUCTVGF4,HOSE,2022-09-26,,0.0,,2023,2,3,9209440000000.0
8553,1938,14.85,14.85,14.85,14.85,0,0.0,0.0,0,0,0,0.0,14.85,-0.05,0,Quỹ đầu tư tăng trưởng Thiên Việt 4,FUCTVGF4,HOSE,2022-09-26,,0.0,,2023,2,6,7270340000000.0
8552,1938,14.85,14.85,14.85,14.85,0,0.0,0.0,0,0,0,0.0,14.85,-0.05,0,Quỹ đầu tư tăng trưởng Thiên Việt 4,FUCTVGF4,HOSE,2022-09-26,,0.0,,2023,2,7,10020800000000.0
8551,1938,14.85,14.85,14.85,14.85,0,0.0,0.0,0,0,0,0.0,14.85,-0.05,0,Quỹ đầu tư tăng trưởng Thiên Việt 4,FUCTVGF4,HOSE,2022-09-26,,0.0,,2023,2,8,8099160000000.0
8550,1938,14.85,14.85,14.85,14.85,0,0.0,0.0,0,0,0,0.0,14.85,-0.05,0,Quỹ đầu tư tăng trưởng Thiên Việt 4,FUCTVGF4,HOSE,2022-09-26,,0.0,,2023,2,9,6773900000000.0
8549,1938,14.85,14.85,14.85,14.85,0,0.0,0.0,0,0,0,0.0,14.85,-0.05,0,Quỹ đầu tư tăng trưởng Thiên Việt 4,FUCTVGF4,HOSE,2022-09-26,,0.0,,2023,2,10,6670720000000.0
8548,1938,14.85,14.85,14.85,14.85,0,0.0,0.0,0,0,0,0.0,14.85,-0.05,0,Quỹ đầu tư tăng trưởng Thiên Việt 4,FUCTVGF4,HOSE,2022-09-26,,0.0,,2023,2,13,8918060000000.0
8547,1938,14.85,14.85,14.85,14.85,0,0.0,0.0,0,0,0,0.0,14.85,-0.05,0,Quỹ đầu tư tăng trưởng Thiên Việt 4,FUCTVGF4,HOSE,2022-09-26,,0.0,,2023,2,14,5489300000000.0
8546,1938,14.85,14.85,14.85,14.85,0,0.0,0.0,0,0,0,0.0,14.85,-0.05,0,Quỹ đầu tư tăng trưởng Thiên Việt 4,FUCTVGF4,HOSE,2022-09-26,,0.0,,2023,2,15,7913850000000.0
8545,1938,14.85,14.85,14.85,14.85,0,0.0,0.0,0,0,0,0.0,14.85,-0.05,0,Quỹ đầu tư tăng trưởng Thiên Việt 4,FUCTVGF4,HOSE,2022-09-26,,0.0,,2023,2,16,6883740000000.0
8544,1938,14.85,14.85,14.85,14.85,0,0.0,0.0,0,0,0,0.0,14.85,-0.05,0,Quỹ đầu tư tăng trưởng Thiên Việt 4,FUCTVGF4,HOSE,2022-09-26,,0.0,,2023,2,17,6885520000000.0
8543,1938,14.85,14.85,14.85,14.85,100,0.0,0.0,0,0,0,1000000.0,14.85,-0.05,0,Quỹ đầu tư tăng trưởng Thiên Việt 4,FUCTVGF4,HOSE,2022-09-26,,0.0,,2023,2,20,10509100000000.0
8542,1938,14.85,14.85,14.85,14.85,0,0.0,0.0,0,0,0,0.0,14.85,-0.05,0,Quỹ đầu tư tăng trưởng Thiên Việt 4,FUCTVGF4,HOSE,2022-09-26,,0.0,,2023,2,21,10408700000000.0
8541,1938,14.85,14.85,14.85,14.85,0,0.0,0.0,0,0,0,0.0,14.85,-0.05,0,Quỹ đầu tư tăng trưởng Thiên Việt 4,FUCTVGF4,HOSE,2022-09-26,,0.0,,2023,2,22,11660400000000.0
8540,1938,14.85,14.85,14.85,14.85,0,0.0,0.0,0,0,0,0.0,14.85,-0.05,0,Quỹ đầu tư tăng trưởng Thiên Việt 4,FUCTVGF4,HOSE,2022-09-26,,0.0,,2023,2,23,9901080000000.0
8539,1938,14.85,14.85,14.85,14.85,0,0.0,0.0,0,0,0,0.0,14.85,-0.05,0,Quỹ đầu tư tăng trưởng Thiên Việt 4,FUCTVGF4,HOSE,2022-09-26,,0.0,,2023,2,24,5891920000000.0
8538,1938,14.85,14.85,14.85,14.85,0,0.0,0.0,0,0,0,0.0,14.85,-0.05,0,Quỹ đầu tư tăng trưởng Thiên Việt 4,FUCTVGF4,HOSE,2022-09-26,,0.0,,2023,2,27,7735800000000.0
8537,1938,14.85,14.85,14.85,14.85,0,0.0,0.0,0,0,0,0.0,14.85,-0.05,0,Quỹ đầu tư tăng trưởng Thiên Việt 4,FUCTVGF4,HOSE,2022-09-26,,0.0,,2023,2,28,5272860000000.0
8536,1938,14.85,14.85,14.85,14.85,0,0.0,0.0,0,0,0,0.0,14.85,-0.05,0,Quỹ đầu tư tăng trưởng Thiên Việt 4,FUCTVGF4,HOSE,2022-09-26,,0.0,,2023,3,1,7140030000000.0
8535,1938,14.85,14.85,14.85,14.85,0,0.0,0.0,0,0,0,0.0,14.85,-0.05,0,Quỹ đầu tư tăng trưởng Thiên Việt 4,FUCTVGF4,HOSE,2022-09-26,,0.0,,2023,3,2,5143030000000.0
8534,1938,14.85,14.85,14.85,14.85,0,0.0,0.0,0,0,0,0.0,14.85,-0.05,0,Quỹ đầu tư tăng trưởng Thiên Việt 4,FUCTVGF4,HOSE,2022-09-26,,0.0,,2023,3,3,5987430000000.0
8533,1938,14.85,14.85,14.85,14.85,0,0.0,0.0,0,0,0,0.0,14.85,-0.05,0,Quỹ đầu tư tăng trưởng Thiên Việt 4,FUCTVGF4,HOSE,2022-09-26,,0.0,,2023,3,6,6167230000000.0
8532,1938,14.85,14.85,14.85,14.85,0,0.0,0.0,0,0,0,0.0,14.85,-0.05,0,Quỹ đầu tư tăng trưởng Thiên Việt 4,FUCTVGF4,HOSE,2022-09-26,,0.0,,2023,3,7,7037130000000.0
session_id,stock_id,open_price,close_price,high_price,low_price,volume_detail,ceiling_price,floor_price,buy_volume,sell_volume,net_volume,matched_value,adjust_price,change_percent,outstanding_share,name,code,stock_space,join_date,leave_date,init_price,category,year,month,day_of_month,volume_session
8531,1938,14.85,14.85,14.85,14.85,0,0.0,0.0,0,0,0,0.0,14.85,-0.05,0,Quỹ đầu tư tăng trưởng Thiên Việt 4,FUCTVGF4,HOSE,2022-09-26,,0.0,,2023,3,8,7818650000000.0
8530,1938,14.85,14.85,14.85,14.85,0,0.0,0.0,0,0,0,0.0,14.85,-0.05,0,Quỹ đầu tư tăng trưởng Thiên Việt 4,FUCTVGF4,HOSE,2022-09-26,,0.0,,2023,3,9,9605920000000.0
8529,1938,14.85,14.85,14.85,14.85,0,0.0,0.0,0,0,0,0.0,14.85,-0.05,0,Quỹ đầu tư tăng trưởng Thiên Việt 4,FUCTVGF4,HOSE,2022-09-26,,0.0,,2023,3,10,7802560000000.0
8528,1938,14.85,14.85,14.85,14.85,0,0.0,0.0,0,0,0,0.0,14.85,-0.05,0,Quỹ đầu tư tăng trưởng Thiên Việt 4,FUCTVGF4,HOSE,2022-09-26,,0.0,,2023,3,13,8852640000000.0
8527,1938,14.85,14.85,14.85,14.85,0,0.0,0.0,0,0,0,0.0,14.85,-0.05,0,Quỹ đầu tư tăng trưởng Thiên Việt 4,FUCTVGF4,HOSE,2022-09-26,,0.0,,2023,3,14,9157830000000.0
8526,1938,14.85,14.85,14.85,14.85,0,0.0,0.0,0,0,0,0.0,14.85,-0.05,0,Quỹ đầu tư tăng trưởng Thiên Việt 4,FUCTVGF4,HOSE,2022-09-26,,0.0,,2023,3,15,9044830000000.0
8525,1938,14.85,14.85,14.85,14.85,0,0.0,0.0,0,0,0,0.0,14.85,-0.05,0,Quỹ đầu tư tăng trưởng Thiên Việt 4,FUCTVGF4,HOSE,2022-09-26,,0.0,,2023,3,16,7993400000000.0
8524,1938,14.85,14.85,14.85,14.85,0,0.0,0.0,0,0,0,0.0,14.85,-0.05,0,Quỹ đầu tư tăng trưởng Thiên Việt 4,FUCTVGF4,HOSE,2022-09-26,,0.0,,2023,3,17,9056930000000.0
8523,1938,14.85,14.85,14.85,14.85,0,0.0,0.0,0,0,0,0.0,14.85,-0.05,0,Quỹ đầu tư tăng trưởng Thiên Việt 4,FUCTVGF4,HOSE,2022-09-26,,0.0,,2023,3,20,8000550000000.0
8522,1938,14.85,14.85,14.85,14.85,0,0.0,0.0,0,0,0,0.0,14.85,-0.05,0,Quỹ đầu tư tăng trưởng Thiên Việt 4,FUCTVGF4,HOSE,2022-09-26,,0.0,,2023,3,21,6678120000000.0
8521,1938,14.85,14.85,14.85,14.85,0,0.0,0.0,0,0,0,0.0,14.85,-0.05,0,Quỹ đầu tư tăng trưởng Thiên Việt 4,FUCTVGF4,HOSE,2022-09-26,,0.0,,2023,3,22,7063540000000.0
8520,1938,14.85,14.85,14.85,14.85,0,0.0,0.0,0,0,0,0.0,14.85,-0.05,0,Quỹ đầu tư tăng trưởng Thiên Việt 4,FUCTVGF4,HOSE,2022-09-26,,0.0,,2023,3,23,6539990000000.0
8519,1938,14.85,14.85,14.85,14.85,0,0.0,0.0,0,0,0,0.0,14.85,-0.05,0,Quỹ đầu tư tăng trưởng Thiên Việt 4,FUCTVGF4,HOSE,2022-09-26,,0.0,,2023,3,24,8145960000000.0
8518,1938,14.85,14.85,14.85,14.85,0,0.0,0.0,0,0,0,0.0,14.85,-0.05,0,Quỹ đầu tư tăng trưởng Thiên Việt 4,FUCTVGF4,HOSE,2022-09-26,,0.0,,2023,3,27,8430340000000.0
8517,1938,14.85,14.85,14.85,14.85,0,0.0,0.0,0,0,0,0.0,14.85,-0.05,0,Quỹ đầu tư tăng trưởng Thiên Việt 4,FUCTVGF4,HOSE,2022-09-26,,0.0,,2023,3,28,9714650000000.0
8516,1938,14.85,14.85,14.85,14.85,0,0.0,0.0,0,0,0,0.0,14.85,-0.05,0,Quỹ đầu tư tăng trưởng Thiên Việt 4,FUCTVGF4,HOSE,2022-09-26,,0.0,,2023,3,29,7305170000000.0
8515,1938,14.85,14.85,14.85,14.85,300,0.0,0.0,0,0,0,4000000.0,14.85,-0.05,0,Quỹ đầu tư tăng trưởng Thiên Việt 4,FUCTVGF4,HOSE,2022-09-26,,0.0,,2023,3,30,9656120000000.0
8514,1938,14.85,14.85,14.85,14.85,100,0.0,0.0,0,0,0,1000000.0,14.85,-0.05,0,Quỹ đầu tư tăng trưởng Thiên Việt 4,FUCTVGF4,HOSE,2022-09-26,,0.0,,2023,3,31,10498800000000.0
8513,1938,14.85,14.85,14.85,14.85,0,0.0,0.0,0,0,0,0.0,14.85,-0.05,0,Quỹ đầu tư tăng trưởng Thiên Việt 4,FUCTVGF4,HOSE,2022-09-26,,0.0,,2023,4,3,12983200000000.0
8512,1938,14.85,14.85,14.85,14.85,0,0.0,0.0,0,0,0,0.0,14.85,-0.05,0,Quỹ đầu tư tăng trưởng Thiên Việt 4,FUCTVGF4,HOSE,2022-09-26,,0.0,,2023,4,4,12386800000000.0
8511,1938,14.85,14.85,14.85,14.85,0,0.0,0.0,0,0,0,0.0,14.85,-0.05,0,Quỹ đầu tư tăng trưởng Thiên Việt 4,FUCTVGF4,HOSE,2022-09-26,,0.0,,2023,4,5,11435900000000.0
8510,1938,14.85,14.85,14.85,14.85,0,0.0,0.0,0,0,0,0.0,14.85,-0.05,0,Quỹ đầu tư tăng trưởng Thiên Việt 4,FUCTVGF4,HOSE,2022-09-26,,0.0,,2023,4,6,14836000000000.0
8509,1938,14.85,14.85,14.85,14.85,0,0.0,0.0,0,0,0,0.0,14.85,-0.05,0,Quỹ đầu tư tăng trưởng Thiên Việt 4,FUCTVGF4,HOSE,2022-09-26,,0.0,,2023,4,7,9555430000000.0
8508,1938,14.85,14.85,14.85,14.85,0,0.0,0.0,0,0,0,0.0,14.85,-0.05,0,Quỹ đầu tư tăng trưởng Thiên Việt 4,FUCTVGF4,HOSE,2022-09-26,,0.0,,2023,4,10,13080300000000.0
8507,1938,14.85,14.85,14.85,14.85,0,0.0,0.0,0,0,0,0.0,14.85,-0.05,0,Quỹ đầu tư tăng trưởng Thiên Việt 4,FUCTVGF4,HOSE,2022-09-26,,0.0,,2023,4,11,10352300000000.0
8506,1938,14.85,14.85,14.85,14.85,0,0.0,0.0,0,0,0,0.0,14.85,-0.05,0,Quỹ đầu tư tăng trưởng Thiên Việt 4,FUCTVGF4,HOSE,2022-09-26,,0.0,,2023,4,12,11237900000000.0
8505,1938,14.85,14.85,14.85,14.85,0,0.0,0.0,0,0,0,0.0,14.85,-0.05,0,Quỹ đầu tư tăng trưởng Thiên Việt 4,FUCTVGF4,HOSE,2022-09-26,,0.0,,2023,4,13,10048100000000.0
8504,1938,14.85,14.85,14.85,14.85,0,0.0,0.0,0,0,0,0.0,14.85,-0.05,0,Quỹ đầu tư tăng trưởng Thiên Việt 4,FUCTVGF4,HOSE,2022-09-26,,0.0,,2023,4,14,11983800000000.0
8503,1938,14.85,14.85,14.85,14.85,0,0.0,0.0,0,0,0,0.0,14.85,-0.05,0,Quỹ đầu tư tăng trưởng Thiên Việt 4,FUCTVGF4,HOSE,2022-09-26,,0.0,,2023,4,17,6714600000000.0
8502,1938,14.85,14.85,14.85,14.85,0,0.0,0.0,0,0,0,0.0,14.85,-0.05,0,Quỹ đầu tư tăng trưởng Thiên Việt 4,FUCTVGF4,HOSE,2022-09-26,,0.0,,2023,4,18,8462260000000.0
8501,1938,14.85,14.85,14.85,14.85,0,0.0,0.0,0,0,0,0.0,14.85,-0.05,0,Quỹ đầu tư tăng trưởng Thiên Việt 4,FUCTVGF4,HOSE,2022-09-26,,0.0,,2023,4,19,8609420000000.0
8500,1938,14.85,14.85,14.85,14.85,0,0.0,0.0,0,0,0,0.0,14.85,-0.05,0,Quỹ đầu tư tăng trưởng Thiên Việt 4,FUCTVGF4,HOSE,2022-09-26,,0.0,,2023,4,20,5636530000000.0
8499,1938,14.85,14.85,14.85,14.85,0,0.0,0.0,0,0,0,0.0,14.85,-0.05,0,Quỹ đầu tư tăng trưởng Thiên Việt 4,FUCTVGF4,HOSE,2022-09-26,,0.0,,2023,4,21,8838180000000.0
8498,1938,14.85,14.85,14.85,14.85,0,0.0,0.0,0,0,0,0.0,14.85,-0.05,0,Quỹ đầu tư tăng trưởng Thiên Việt 4,FUCTVGF4,HOSE,2022-09-26,,0.0,,2023,4,24,7199740000000.0
8497,1938,14.85,14.85,14.85,14.85,0,0.0,0.0,0,0,0,0.0,14.85,-0.05,0,Quỹ đầu tư tăng trưởng Thiên Việt 4,FUCTVGF4,HOSE,2022-09-26,,0.0,,2023,4,25,8456240000000.0
8496,1938,14.85,14.85,14.85,14.85,0,0.0,0.0,0,0,0,0.0,14.85,-0.05,0,Quỹ đầu tư tăng trưởng Thiên Việt 4,FUCTVGF4,HOSE,2022-09-26,,0.0,,2023,4,26,7520090000000.0
8495,1938,14.85,14.85,14.85,14.85,0,0.0,0.0,0,0,0,0.0,14.85,0.0,0,Quỹ đầu tư tăng trưởng Thiên Việt 4,FUCTVGF4,HOSE,2022-09-26,,0.0,,2023,4,27,7600150000000.0
8494,1938,14.85,14.85,14.85,14.85,100,0.0,0.0,0,0,0,1000000.0,14.85,0.0,0,Quỹ đầu tư tăng trưởng Thiên Việt 4,FUCTVGF4,HOSE,2022-09-26,,0.0,,2023,4,28,9308330000000.0
8493,1938,14.85,14.85,14.85,14.85,0,0.0,0.0,0,0,0,0.0,14.85,0.0,0,Quỹ đầu tư tăng trưởng Thiên Việt 4,FUCTVGF4,HOSE,2022-09-26,,0.0,,2023,5,4,9259100000000.0
8492,1938,14.85,14.85,14.85,14.85,0,0.0,0.0,0,0,0,0.0,14.85,0.0,0,Quỹ đầu tư tăng trưởng Thiên Việt 4,FUCTVGF4,HOSE,2022-09-26,,0.0,,2023,5,5,6891880000000.0
8491,1938,14.85,14.85,14.85,14.85,0,0.0,0.0,0,0,0,0.0,14.85,0.0,0,Quỹ đầu tư tăng trưởng Thiên Việt 4,FUCTVGF4,HOSE,2022-09-26,,0.0,,2023,5,8,9352890000000.0
8490,1938,14.85,14.85,14.85,14.85,0,0.0,0.0,0,0,0,0.0,14.85,-0.05,0,Quỹ đầu tư tăng trưởng Thiên Việt 4,FUCTVGF4,HOSE,2022-09-26,,0.0,,2023,5,9,8040740000000.0
8489,1938,14.85,14.85,14.85,14.85,0,0.0,0.0,0,0,0,0.0,14.85,-0.05,0,Quỹ đầu tư tăng trưởng Thiên Việt 4,FUCTVGF4,HOSE,2022-09-26,,0.0,,2023,5,10,9830030000000.0
8488,1938,14.85,14.85,14.85,14.85,0,0.0,0.0,0,0,0,0.0,14.85,-0.05,0,Quỹ đầu tư tăng trưởng Thiên Việt 4,FUCTVGF4,HOSE,2022-09-26,,0.0,,2023,5,11,10795100000000.0
8487,1938,14.85,14.85,14.85,14.85,0,0.0,0.0,0,0,0,0.0,14.85,-0.05,0,Quỹ đầu tư tăng trưởng Thiên Việt 4,FUCTVGF4,HOSE,2022-09-26,,0.0,,2023,5,12,11117600000000.0
8486,1938,14.85,14.85,14.85,14.85,0,0.0,0.0,0,0,0,0.0,14.85,0.0,0,Quỹ đầu tư tăng trưởng Thiên Việt 4,FUCTVGF4,HOSE,2022-09-26,,0.0,,2023,5,15,12607000000000.0
8485,1938,14.85,14.85,14.85,14.85,0,0.0,0.0,0,0,0,0.0,14.85,0.0,0,Quỹ đầu tư tăng trưởng Thiên Việt 4,FUCTVGF4,HOSE,2022-09-26,,0.0,,2023,5,16,9638180000000.0
8484,1938,14.85,14.85,14.85,14.85,0,0.0,0.0,0,0,0,0.0,14.85,0.0,0,Quỹ đầu tư tăng trưởng Thiên Việt 4,FUCTVGF4,HOSE,2022-09-26,,0.0,,2023,5,17,11644500000000.0
8483,1938,14.85,14.85,14.85,14.85,0,0.0,0.0,0,0,0,0.0,14.85,0.0,0,Quỹ đầu tư tăng trưởng Thiên Việt 4,FUCTVGF4,HOSE,2022-09-26,,0.0,,2023,5,18,10252200000000.0
8482,1938,14.85,14.85,14.85,14.85,0,0.0,0.0,0,0,0,0.0,14.85,0.0,0,Quỹ đầu tư tăng trưởng Thiên Việt 4,FUCTVGF4,HOSE,2022-09-26,,0.0,,2023,5,19,10585100000000.0
8481,1938,14.85,14.85,14.85,14.85,0,0.0,0.0,0,0,0,0.0,14.85,0.0,0,Quỹ đầu tư tăng trưởng Thiên Việt 4,FUCTVGF4,HOSE,2022-09-26,,0.0,,2023,5,22,11015600000000.0
8480,1938,14.85,14.85,14.85,14.85,0,0.0,0.0,0,0,0,0.0,14.85,0.0,0,Quỹ đầu tư tăng trưởng Thiên Việt 4,FUCTVGF4,HOSE,2022-09-26,,0.0,,2023,5,23,11892800000000.0
8479,1938,14.85,14.85,14.85,14.85,0,0.0,0.0,0,0,0,0.0,14.85,0.0,0,Quỹ đầu tư tăng trưởng Thiên Việt 4,FUCTVGF4,HOSE,2022-09-26,,0.0,,2023,5,24,11401200000000.0
8478,1938,14.85,14.85,14.85,14.85,0,0.0,0.0,0,0,0,0.0,14.85,0.0,0,Quỹ đầu tư tăng trưởng Thiên Việt 4,FUCTVGF4,HOSE,2022-09-26,,0.0,,2023,5,25,10567700000000.0
8477,1938,14.85,14.85,14.85,14.85,0,0.0,0.0,0,0,0,0.0,14.85,0.0,0,Quỹ đầu tư tăng trưởng Thiên Việt 4,FUCTVGF4,HOSE,2022-09-26,,0.0,,2023,5,26,9431780000000.0
8476,1938,14.85,14.85,14.85,14.85,0,0.0,0.0,0,0,0,0.0,14.85,0.0,0,Quỹ đầu tư tăng trưởng Thiên Việt 4,FUCTVGF4,HOSE,2022-09-26,,0.0,,2023,5,29,11644700000000.0
8475,1938,14.85,14.85,14.85,14.85,100,0.0,0.0,0,0,0,1000000.0,14.85,0.0,0,Quỹ đầu tư tăng trưởng Thiên Việt 4,FUCTVGF4,HOSE,2022-09-26,,0.0,,2023,5,30,13600100000000.0
8474,1938,14.85,14.85,14.85,14.85,0,0.0,0.0,0,0,0,0.0,14.85,0.0,0,Quỹ đầu tư tăng trưởng Thiên Việt 4,FUCTVGF4,HOSE,2022-09-26,,0.0,,2023,5,31,14101800000000.0
8473,1938,14.85,14.85,14.85,14.85,0,0.0,0.0,0,0,0,0.0,14.85,0.0,0,Quỹ đầu tư tăng trưởng Thiên Việt 4,FUCTVGF4,HOSE,2022-09-26,,0.0,,2023,6,1,12900900000000.0
8472,1938,14.85,14.85,14.85,14.85,0,0.0,0.0,0,0,0,0.0,14.85,0.0,0,Quỹ đầu tư tăng trưởng Thiên Việt 4,FUCTVGF4,HOSE,2022-09-26,,0.0,,2023,6,2,16880800000000.0
8471,1938,14.85,14.85,14.85,14.85,0,0.0,0.0,0,0,0,0.0,14.85,0.0,0,Quỹ đầu tư tăng trưởng Thiên Việt 4,FUCTVGF4,HOSE,2022-09-26,,0.0,,2023,6,5,16315900000000.0
8470,1938,14.85,14.85,14.85,14.85,0,0.0,0.0,0,0,0,0.0,14.85,0.0,0,Quỹ đầu tư tăng trưởng Thiên Việt 4,FUCTVGF4,HOSE,2022-09-26,,0.0,,2023,6,6,14344800000000.0
8469,1938,14.85,14.85,14.85,14.85,0,0.0,0.0,0,0,0,0.0,14.85,0.0,0,Quỹ đầu tư tăng trưởng Thiên Việt 4,FUCTVGF4,HOSE,2022-09-26,,0.0,,2023,6,7,16516200000000.0
8468,1938,14.85,14.85,14.85,14.85,0,0.0,0.0,0,0,0,0.0,14.85,0.0,0,Quỹ đầu tư tăng trưởng Thiên Việt 4,FUCTVGF4,HOSE,2022-09-26,,0.0,,2023,6,8,21011300000000.0
8467,1938,14.85,14.85,14.85,14.85,0,0.0,0.0,0,0,0,0.0,14.85,0.0,0,Quỹ đầu tư tăng trưởng Thiên Việt 4,FUCTVGF4,HOSE,2022-09-26,,0.0,,2023,6,9,15081000000000.0
8466,1938,14.85,14.85,14.85,14.85,0,0.0,0.0,0,0,0,0.0,14.85,0.0,0,Quỹ đầu tư tăng trưởng Thiên Việt 4,FUCTVGF4,HOSE,2022-09-26,,0.0,,2023,6,12,13663900000000.0
8465,1938,14.85,14.85,14.85,14.85,0,0.0,0.0,0,0,0,0.0,14.85,0.0,0,Quỹ đầu tư tăng trưởng Thiên Việt 4,FUCTVGF4,HOSE,2022-09-26,,0.0,,2023,6,13,15306100000000.0
8464,1938,14.85,14.85,14.85,14.85,0,0.0,0.0,0,0,0,0.0,14.85,0.0,0,Quỹ đầu tư tăng trưởng Thiên Việt 4,FUCTVGF4,HOSE,2022-09-26,,0.0,,2023,6,14,15155800000000.0
8463,1938,14.85,14.85,14.85,14.85,0,0.0,0.0,0,0,0,0.0,14.85,0.0,0,Quỹ đầu tư tăng trưởng Thiên Việt 4,FUCTVGF4,HOSE,2022-09-26,,0.0,,2023,6,15,12248800000000.0
8462,1938,14.85,14.85,14.85,14.85,0,0.0,0.0,0,0,0,0.0,14.85,-0.05,0,Quỹ đầu tư tăng trưởng Thiên Việt 4,FUCTVGF4,HOSE,2022-09-26,,0.0,,2023,6,16,20355600000000.0
8461,1938,14.85,14.85,14.85,14.85,0,0.0,0.0,0,0,0,0.0,14.85,-0.05,0,Quỹ đầu tư tăng trưởng Thiên Việt 4,FUCTVGF4,HOSE,2022-09-26,,0.0,,2023,6,19,12464500000000.0
8460,1938,14.85,14.85,14.85,14.85,0,0.0,0.0,0,0,0,0.0,14.85,-0.05,0,Quỹ đầu tư tăng trưởng Thiên Việt 4,FUCTVGF4,HOSE,2022-09-26,,0.0,,2023,6,20,11228000000000.0
8459,1938,14.85,14.85,14.85,14.85,0,0.0,0.0,0,0,0,0.0,14.85,-0.05,0,Quỹ đầu tư tăng trưởng Thiên Việt 4,FUCTVGF4,HOSE,2022-09-26,,0.0,,2023,6,21,15536000000000.0
8458,1938,14.85,14.85,14.85,14.85,0,0.0,0.0,0,0,0,0.0,14.85,0.0,0,Quỹ đầu tư tăng trưởng Thiên Việt 4,FUCTVGF4,HOSE,2022-09-26,,0.0,,2023,6,22,16240600000000.0
8457,1938,14.85,14.85,14.85,14.85,0,0.0,0.0,0,0,0,0.0,14.85,-0.05,0,Quỹ đầu tư tăng trưởng Thiên Việt 4,FUCTVGF4,HOSE,2022-09-26,,0.0,,2023,6,23,16701800000000.0
8456,1938,14.85,14.85,14.85,14.85,0,0.0,0.0,0,0,0,0.0,14.85,-0.05,0,Quỹ đầu tư tăng trưởng Thiên Việt 4,FUCTVGF4,HOSE,2022-09-26,,0.0,,2023,6,26,18313600000000.0
8455,1938,14.85,14.85,14.85,14.85,100,0.0,0.0,0,0,0,1000000.0,14.85,-0.05,0,Quỹ đầu tư tăng trưởng Thiên Việt 4,FUCTVGF4,HOSE,2022-09-26,,0.0,,2023,6,27,12764900000000.0
8454,1938,14.85,14.85,14.85,14.85,0,0.0,0.0,0,0,0,0.0,14.85,-0.05,0,Quỹ đầu tư tăng trưởng Thiên Việt 4,FUCTVGF4,HOSE,2022-09-26,,0.0,,2023,6,28,15018300000000.0
8453,1938,14.85,14.85,14.85,14.85,0,0.0,0.0,0,0,0,0.0,14.85,-0.05,0,Quỹ đầu tư tăng trưởng Thiên Việt 4,FUCTVGF4,HOSE,2022-09-26,,0.0,,2023,6,29,15878300000000.0
8452,1938,14.85,14.85,14.85,14.85,0,0.0,0.0,0,0,0,0.0,14.85,-0.05,0,Quỹ đầu tư tăng trưởng Thiên Việt 4,FUCTVGF4,HOSE,2022-09-26,,0.0,,2023,6,30,10474000000000.0
8451,1938,14.85,14.85,14.85,14.85,0,0.0,0.0,0,0,0,0.0,14.85,-0.05,0,Quỹ đầu tư tăng trưởng Thiên Việt 4,FUCTVGF4,HOSE,2022-09-26,,0.0,,2023,7,3,9707510000000.0
8450,1938,14.85,14.85,14.85,14.85,0,0.0,0.0,0,0,0,0.0,14.85,-0.05,0,Quỹ đầu tư tăng trưởng Thiên Việt 4,FUCTVGF4,HOSE,2022-09-26,,0.0,,2023,7,4,12888600000000.0
8449,1938,14.85,14.85,14.85,14.85,0,0.0,0.0,0,0,0,0.0,14.85,-0.05,0,Quỹ đầu tư tăng trưởng Thiên Việt 4,FUCTVGF4,HOSE,2022-09-26,,0.0,,2023,7,5,15276700000000.0
8448,1938,14.85,14.85,14.85,14.85,0,0.0,0.0,0,0,0,0.0,14.85,-0.05,0,Quỹ đầu tư tăng trưởng Thiên Việt 4,FUCTVGF4,HOSE,2022-09-26,,0.0,,2023,7,6,17364900000000.0
8447,1938,14.85,14.85,14.85,14.85,0,0.0,0.0,0,0,0,0.0,14.85,-0.05,0,Quỹ đầu tư tăng trưởng Thiên Việt 4,FUCTVGF4,HOSE,2022-09-26,,0.0,,2023,7,7,14156400000000.0
8446,1938,14.85,14.85,14.85,14.85,0,0.0,0.0,0,0,0,0.0,14.85,-0.05,0,Quỹ đầu tư tăng trưởng Thiên Việt 4,FUCTVGF4,HOSE,2022-09-26,,0.0,,2023,7,10,16859800000000.0
8445,1938,14.85,14.85,14.85,14.85,0,0.0,0.0,0,0,0,0.0,14.85,-0.05,0,Quỹ đầu tư tăng trưởng Thiên Việt 4,FUCTVGF4,HOSE,2022-09-26,,0.0,,2023,7,11,16906300000000.0
8444,1938,14.85,14.85,14.85,14.85,0,0.0,0.0,0,0,0,0.0,14.85,-0.05,0,Quỹ đầu tư tăng trưởng Thiên Việt 4,FUCTVGF4,HOSE,2022-09-26,,0.0,,2023,7,12,14380800000000.0
8443,1938,14.85,14.85,14.85,14.85,0,0.0,0.0,0,0,0,0.0,14.85,-0.05,0,Quỹ đầu tư tăng trưởng Thiên Việt 4,FUCTVGF4,HOSE,2022-09-26,,0.0,,2023,7,13,15494600000000.0
8442,1938,14.85,14.85,14.85,14.85,0,0.0,0.0,0,0,0,0.0,14.85,-0.05,0,Quỹ đầu tư tăng trưởng Thiên Việt 4,FUCTVGF4,HOSE,2022-09-26,,0.0,,2023,7,14,19329000000000.0
8441,1938,14.85,14.85,14.85,14.85,0,0.0,0.0,0,0,0,0.0,14.85,-0.05,0,Quỹ đầu tư tăng trưởng Thiên Việt 4,FUCTVGF4,HOSE,2022-09-26,,0.0,,2023,7,17,16810500000000.0
8440,1938,14.85,14.85,14.85,14.85,0,0.0,0.0,0,0,0,0.0,14.85,-0.05,0,Quỹ đầu tư tăng trưởng Thiên Việt 4,FUCTVGF4,HOSE,2022-09-26,,0.0,,2023,7,18,14914800000000.0
8439,1938,14.85,14.85,14.85,14.85,0,0.0,0.0,0,0,0,0.0,14.85,-0.05,0,Quỹ đầu tư tăng trưởng Thiên Việt 4,FUCTVGF4,HOSE,2022-09-26,,0.0,,2023,7,19,15498400000000.0
8438,1938,14.85,14.85,14.85,14.85,0,0.0,0.0,0,0,0,0.0,14.85,-0.05,0,Quỹ đầu tư tăng trưởng Thiên Việt 4,FUCTVGF4,HOSE,2022-09-26,,0.0,,2023,7,20,15475200000000.0
8437,1938,14.85,14.85,14.85,14.85,0,0.0,0.0,0,0,0,0.0,14.85,-0.05,0,Quỹ đầu tư tăng trưởng Thiên Việt 4,FUCTVGF4,HOSE,2022-09-26,,0.0,,2023,7,21,18451000000000.0
8436,1938,14.85,14.85,14.85,14.85,0,0.0,0.0,0,0,0,0.0,14.85,-0.05,0,Quỹ đầu tư tăng trưởng Thiên Việt 4,FUCTVGF4,HOSE,2022-09-26,,0.0,,2023,7,24,18688000000000.0
8435,1938,14.0,14.0,14.0,14.0,100,0.0,0.0,0,0,0,1000000.0,14.0,-0.9,0,Quỹ đầu tư tăng trưởng Thiên Việt 4,FUCTVGF4,HOSE,2022-09-26,,0.0,,2023,7,25,18592800000000.0
8434,1938,14.0,14.0,14.0,14.0,0,0.0,0.0,0,0,0,0.0,14.0,0.0,0,Quỹ đầu tư tăng trưởng Thiên Việt 4,FUCTVGF4,HOSE,2022-09-26,,0.0,,2023,7,26,16647500000000.0
8433,1938,14.0,14.0,14.0,14.0,0,0.0,0.0,0,0,0,0.0,14.0,0.0,0,Quỹ đầu tư tăng trưởng Thiên Việt 4,FUCTVGF4,HOSE,2022-09-26,,0.0,,2023,7,27,20936500000000.0
8432,1938,14.0,14.0,14.0,14.0,0,0.0,0.0,0,0,0,0.0,14.0,0.0,0,Quỹ đầu tư tăng trưởng Thiên Việt 4,FUCTVGF4,HOSE,2022-09-26,,0.0,,2023,7,28,20575600000000.0
8431,1938,14.0,14.0,14.0,14.0,0,0.0,0.0,0,0,0,0.0,14.0,0.0,0,Quỹ đầu tư tăng trưởng Thiên Việt 4,FUCTVGF4,HOSE,2022-09-26,,0.0,,2023,7,31,22454200000000.0
8430,1938,14.0,14.0,14.0,14.0,0,0.0,0.0,0,0,0,0.0,14.0,0.0,0,Quỹ đầu tư tăng trưởng Thiên Việt 4,FUCTVGF4,HOSE,2022-09-26,,0.0,,2023,8,1,24938500000000.0
8429,1938,14.0,14.0,14.0,14.0,0,0.0,0.0,0,0,0,0.0,14.0,0.0,0,Quỹ đầu tư tăng trưởng Thiên Việt 4,FUCTVGF4,HOSE,2022-09-26,,0.0,,2023,8,2,17143200000000.0
8428,1938,14.0,14.0,14.0,14.0,0,0.0,0.0,0,0,0,0.0,14.0,0.0,0,Quỹ đầu tư tăng trưởng Thiên Việt 4,FUCTVGF4,HOSE,2022-09-26,,0.0,,2023,8,3,20461800000000.0
8427,1938,14.0,14.0,14.0,14.0,0,0.0,0.0,0,0,0,0.0,14.0,0.0,0,Quỹ đầu tư tăng trưởng Thiên Việt 4,FUCTVGF4,HOSE,2022-09-26,,0.0,,2023,8,4,22079100000000.0
8426,1938,14.0,14.0,14.0,14.0,0,0.0,0.0,0,0,0,0.0,14.0,0.0,0,Quỹ đầu tư tăng trưởng Thiên Việt 4,FUCTVGF4,HOSE,2022-09-26,,0.0,,2023,8,7,22003800000000.0
8425,1938,14.0,14.0,14.0,14.0,0,0.0,0.0,0,0,0,0.0,14.0,0.0,0,Quỹ đầu tư tăng trưởng Thiên Việt 4,FUCTVGF4,HOSE,2022-09-26,,0.0,,2023,8,8,21269100000000.0
8424,1938,14.0,14.0,14.0,14.0,0,0.0,0.0,0,0,0,0.0,14.0,0.0,0,Quỹ đầu tư tăng trưởng Thiên Việt 4,FUCTVGF4,HOSE,2022-09-26,,0.0,,2023,8,9,19924900000000.0
8423,1938,14.0,14.0,14.0,14.0,0,0.0,0.0,0,0,0,0.0,14.0,0.0,0,Quỹ đầu tư tăng trưởng Thiên Việt 4,FUCTVGF4,HOSE,2022-09-26,,0.0,,2023,8,10,19577700000000.0
8422,1938,14.0,14.0,14.0,14.0,0,0.0,0.0,0,0,0,0.0,14.0,0.0,0,Quỹ đầu tư tăng trưởng Thiên Việt 4,FUCTVGF4,HOSE,2022-09-26,,0.0,,2023,8,11,20700500000000.0
8421,1938,14.0,14.0,14.0,14.0,0,0.0,0.0,0,0,0,0.0,14.0,0.0,0,Quỹ đầu tư tăng trưởng Thiên Việt 4,FUCTVGF4,HOSE,2022-09-26,,0.0,,2023,8,14,22022800000000.0
8420,1938,14.0,14.0,14.0,14.0,0,0.0,0.0,0,0,0,0.0,14.0,0.0,0,Quỹ đầu tư tăng trưởng Thiên Việt 4,FUCTVGF4,HOSE,2022-09-26,,0.0,,2023,8,15,17711800000000.0
8419,1938,14.0,14.0,14.0,14.0,0,0.0,0.0,0,0,0,0.0,14.0,0.0,0,Quỹ đầu tư tăng trưởng Thiên Việt 4,FUCTVGF4,HOSE,2022-09-26,,0.0,,2023,8,16,19056000000000.0
8418,1938,14.0,14.0,14.0,14.0,0,0.0,0.0,0,0,0,0.0,14.0,0.0,0,Quỹ đầu tư tăng trưởng Thiên Việt 4,FUCTVGF4,HOSE,2022-09-26,,0.0,,2023,8,17,23722700000000.0
8417,1938,14.0,14.0,14.0,14.0,0,0.0,0.0,0,0,0,0.0,14.0,0.0,0,Quỹ đầu tư tăng trưởng Thiên Việt 4,FUCTVGF4,HOSE,2022-09-26,,0.0,,2023,8,18,34907900000000.0
8416,1938,14.0,14.0,14.0,14.0,0,0.0,0.0,0,0,0,0.0,14.0,0.0,0,Quỹ đầu tư tăng trưởng Thiên Việt 4,FUCTVGF4,HOSE,2022-09-26,,0.0,,2023,8,21,20344800000000.0
8415,1938,14.0,14.0,14.0,14.0,0,0.0,0.0,0,0,0,0.0,14.0,0.0,0,Quỹ đầu tư tăng trưởng Thiên Việt 4,FUCTVGF4,HOSE,2022-09-26,,0.0,,2023,8,22,19959100000000.0
8414,1938,14.0,14.0,14.0,14.0,0,0.0,0.0,0,0,0,0.0,14.0,0.0,0,Quỹ đầu tư tăng trưởng Thiên Việt 4,FUCTVGF4,HOSE,2022-09-26,,0.0,,2023,8,23,14866800000000.0
8413,1938,14.0,14.0,14.0,14.0,0,0.0,0.0,0,0,0,0.0,14.0,0.0,0,Quỹ đầu tư tăng trưởng Thiên Việt 4,FUCTVGF4,HOSE,2022-09-26,,0.0,,2023,8,24,17239700000000.0
8412,1938,14.0,14.0,14.0,14.0,100,0.0,0.0,0,0,0,1000000.0,14.0,0.0,0,Quỹ đầu tư tăng trưởng Thiên Việt 4,FUCTVGF4,HOSE,2022-09-26,,0.0,,2023,8,25,18855600000000.0
8411,1938,13.2,13.2,13.2,13.2,100,0.0,0.0,0,0,0,1000000.0,13.2,-0.8,0,Quỹ đầu tư tăng trưởng Thiên Việt 4,FUCTVGF4,HOSE,2022-09-26,,0.0,,2023,8,28,17236200000000.0
8410,1938,13.2,13.2,13.2,13.2,0,0.0,0.0,0,0,0,0.0,13.2,0.0,0,Quỹ đầu tư tăng trưởng Thiên Việt 4,FUCTVGF4,HOSE,2022-09-26,,0.0,,2023,8,29,20019000000000.0
8409,1938,13.2,13.2,13.2,13.2,0,0.0,0.0,0,0,0,0.0,13.2,0.0,0,Quỹ đầu tư tăng trưởng Thiên Việt 4,FUCTVGF4,HOSE,2022-09-26,,0.0,,2023,8,30,19652000000000.0
8408,1938,13.2,13.2,13.2,13.2,0,0.0,0.0,0,0,0,0.0,13.2,0.0,0,Quỹ đầu tư tăng trưởng Thiên Việt 4,FUCTVGF4,HOSE,2022-09-26,,0.0,,2023,8,31,19932100000000.0
8407,1938,13.2,13.2,13.2,13.2,0,0.0,0.0,0,0,0,0.0,13.2,0.0,0,Quỹ đầu tư tăng trưởng Thiên Việt 4,FUCTVGF4,HOSE,2022-09-26,,0.0,,2023,9,5,21800300000000.0
8406,1938,13.2,13.2,13.2,13.2,0,0.0,0.0,0,0,0,0.0,13.2,0.0,0,Quỹ đầu tư tăng trưởng Thiên Việt 4,FUCTVGF4,HOSE,2022-09-26,,0.0,,2023,9,6,23699900000000.0
8405,1938,13.2,13.2,13.2,13.2,0,0.0,0.0,0,0,0,0.0,13.2,0.0,0,Quỹ đầu tư tăng trưởng Thiên Việt 4,FUCTVGF4,HOSE,2022-09-26,,0.0,,2023,9,7,23917000000000.0
8404,1938,13.2,13.2,13.2,13.2,0,0.0,0.0,0,0,0,0.0,13.2,0.0,0,Quỹ đầu tư tăng trưởng Thiên Việt 4,FUCTVGF4,HOSE,2022-09-26,,0.0,,2023,9,8,22648600000000.0
8403,1938,13.2,13.2,13.2,13.2,0,0.0,0.0,0,0,0,0.0,13.2,0.0,0,Quỹ đầu tư tăng trưởng Thiên Việt 4,FUCTVGF4,HOSE,2022-09-26,,0.0,,2023,9,11,29865500000000.0
8402,1938,13.2,13.2,13.2,13.2,0,0.0,0.0,0,0,0,0.0,13.2,0.0,0,Quỹ đầu tư tăng trưởng Thiên Việt 4,FUCTVGF4,HOSE,2022-09-26,,0.0,,2023,9,12,20400700000000.0
8401,1938,13.2,13.2,13.2,13.2,0,0.0,0.0,0,0,0,0.0,13.2,0.0,0,Quỹ đầu tư tăng trưởng Thiên Việt 4,FUCTVGF4,HOSE,2022-09-26,,0.0,,2023,9,13,27622300000000.0
8400,1938,13.2,13.2,13.2,13.2,0,0.0,0.0,0,0,0,0.0,13.2,0.0,0,Quỹ đầu tư tăng trưởng Thiên Việt 4,FUCTVGF4,HOSE,2022-09-26,,0.0,,2023,9,14,25379000000000.0
8399,1938,12.3,12.3,12.3,12.3,100,0.0,0.0,0,0,0,1000000.0,12.3,-0.9,0,Quỹ đầu tư tăng trưởng Thiên Việt 4,FUCTVGF4,HOSE,2022-09-26,,0.0,,2023,9,15,20261600000000.0
8398,1938,12.3,12.3,12.3,12.3,0,0.0,0.0,0,0,0,0.0,12.3,0.0,0,Quỹ đầu tư tăng trưởng Thiên Việt 4,FUCTVGF4,HOSE,2022-09-26,,0.0,,2023,9,18,17480600000000.0
8397,1938,12.3,12.3,12.3,12.3,0,0.0,0.0,0,0,0,0.0,12.3,0.0,0,Quỹ đầu tư tăng trưởng Thiên Việt 4,FUCTVGF4,HOSE,2022-09-26,,0.0,,2023,9,19,20485600000000.0
8396,1938,12.3,12.3,12.3,12.3,0,0.0,0.0,0,0,0,0.0,12.3,0.0,0,Quỹ đầu tư tăng trưởng Thiên Việt 4,FUCTVGF4,HOSE,2022-09-26,,0.0,,2023,9,20,18038100000000.0
8395,1938,12.3,12.3,12.3,12.3,0,0.0,0.0,0,0,0,0.0,12.3,0.0,0,Quỹ đầu tư tăng trưởng Thiên Việt 4,FUCTVGF4,HOSE,2022-09-26,,0.0,,2023,9,21,21643200000000.0
8394,1938,13.15,13.15,13.15,13.15,100,0.0,0.0,0,0,0,1000000.0,13.15,0.85,0,Quỹ đầu tư tăng trưởng Thiên Việt 4,FUCTVGF4,HOSE,2022-09-26,,0.0,,2023,9,22,30282600000000.0
8393,1938,13.15,13.15,13.15,13.15,0,0.0,0.0,0,0,0,0.0,13.15,0.0,0,Quỹ đầu tư tăng trưởng Thiên Việt 4,FUCTVGF4,HOSE,2022-09-26,,0.0,,2023,9,25,21653200000000.0
8392,1938,13.15,13.15,13.15,13.15,0,0.0,0.0,0,0,0,0.0,13.15,0.0,0,Quỹ đầu tư tăng trưởng Thiên Việt 4,FUCTVGF4,HOSE,2022-09-26,,0.0,,2023,9,26,19952900000000.0
8391,1938,13.15,13.15,13.15,13.15,0,0.0,0.0,0,0,0,0.0,13.15,0.0,0,Quỹ đầu tư tăng trưởng Thiên Việt 4,FUCTVGF4,HOSE,2022-09-26,,0.0,,2023,9,27,16314800000000.0
8390,1938,13.15,13.15,13.15,13.15,0,0.0,0.0,0,0,0,0.0,13.15,0.0,0,Quỹ đầu tư tăng trưởng Thiên Việt 4,FUCTVGF4,HOSE,2022-09-26,,0.0,,2023,9,28,14705300000000.0
8389,1938,13.15,13.15,13.15,13.15,0,0.0,0.0,0,0,0,0.0,13.15,0.0,0,Quỹ đầu tư tăng trưởng Thiên Việt 4,FUCTVGF4,HOSE,2022-09-26,,0.0,,2023,9,29,12008000000000.0
8388,1938,13.15,13.15,13.15,13.15,0,0.0,0.0,0,0,0,0.0,13.15,0.0,0,Quỹ đầu tư tăng trưởng Thiên Việt 4,FUCTVGF4,HOSE,2022-09-26,,0.0,,2023,10,2,10069000000000.0
8387,1938,13.15,13.15,13.15,13.15,0,0.0,0.0,0,0,0,0.0,13.15,0.0,0,Quỹ đầu tư tăng trưởng Thiên Việt 4,FUCTVGF4,HOSE,2022-09-26,,0.0,,2023,10,3,19759500000000.0
8386,1938,13.15,13.15,13.15,13.15,0,0.0,0.0,0,0,0,0.0,13.15,0.0,0,Quỹ đầu tư tăng trưởng Thiên Việt 4,FUCTVGF4,HOSE,2022-09-26,,0.0,,2023,10,4,14054200000000.0
8385,1938,13.15,13.15,13.15,13.15,0,0.0,0.0,0,0,0,0.0,13.15,0.0,0,Quỹ đầu tư tăng trưởng Thiên Việt 4,FUCTVGF4,HOSE,2022-09-26,,0.0,,2023,10,5,11667000000000.0
8384,1938,13.15,13.15,13.15,13.15,0,0.0,0.0,0,0,0,0.0,13.15,0.0,0,Quỹ đầu tư tăng trưởng Thiên Việt 4,FUCTVGF4,HOSE,2022-09-26,,0.0,,2023,10,6,12466900000000.0
8383,1938,13.15,13.15,13.15,13.15,0,0.0,0.0,0,0,0,0.0,13.15,0.0,0,Quỹ đầu tư tăng trưởng Thiên Việt 4,FUCTVGF4,HOSE,2022-09-26,,0.0,,2023,10,9,12309700000000.0
8382,1938,13.15,13.15,13.15,13.15,0,0.0,0.0,0,0,0,0.0,13.15,0.0,0,Quỹ đầu tư tăng trưởng Thiên Việt 4,FUCTVGF4,HOSE,2022-09-26,,0.0,,2023,10,10,14195100000000.0
8381,1938,13.15,13.15,13.15,13.15,0,0.0,0.0,0,0,0,0.0,13.15,0.0,0,Quỹ đầu tư tăng trưởng Thiên Việt 4,FUCTVGF4,HOSE,2022-09-26,,0.0,,2023,10,11,11251500000000.0
8380,1938,13.15,13.15,13.15,13.15,0,0.0,0.0,0,0,0,0.0,13.15,0.0,0,Quỹ đầu tư tăng trưởng Thiên Việt 4,FUCTVGF4,HOSE,2022-09-26,,0.0,,2023,10,12,13898100000000.0
8379,1938,13.15,13.15,13.15,13.15,0,0.0,0.0,0,0,0,0.0,13.15,0.0,0,Quỹ đầu tư tăng trưởng Thiên Việt 4,FUCTVGF4,HOSE,2022-09-26,,0.0,,2023,10,13,13191300000000.0
8378,1938,13.15,13.15,13.15,13.15,0,0.0,0.0,0,0,0,0.0,13.15,0.0,0,Quỹ đầu tư tăng trưởng Thiên Việt 4,FUCTVGF4,HOSE,2022-09-26,,0.0,,2023,10,16,14206200000000.0
8377,1938,13.15,13.15,13.15,13.15,0,0.0,0.0,0,0,0,0.0,13.15,0.0,0,Quỹ đầu tư tăng trưởng Thiên Việt 4,FUCTVGF4,HOSE,2022-09-26,,0.0,,2023,10,17,12713000000000.0
8376,1938,13.15,13.15,13.15,13.15,0,0.0,0.0,0,0,0,0.0,13.15,0.0,0,Quỹ đầu tư tăng trưởng Thiên Việt 4,FUCTVGF4,HOSE,2022-09-26,,0.0,,2023,10,18,19692100000000.0
8375,1938,13.15,13.15,13.15,13.15,0,0.0,0.0,0,0,0,0.0,13.15,0.0,0,Quỹ đầu tư tăng trưởng Thiên Việt 4,FUCTVGF4,HOSE,2022-09-26,,0.0,,2023,10,19,12695400000000.0
8374,1938,13.15,13.15,13.15,13.15,0,0.0,0.0,0,0,0,0.0,13.15,0.0,0,Quỹ đầu tư tăng trưởng Thiên Việt 4,FUCTVGF4,HOSE,2022-09-26,,0.0,,2023,10,20,12391700000000.0
8373,1938,13.15,13.15,13.15,13.15,0,0.0,0.0,0,0,0,0.0,13.15,0.0,0,Quỹ đầu tư tăng trưởng Thiên Việt 4,FUCTVGF4,HOSE,2022-09-26,,0.0,,2023,10,23,10110000000000.0
8372,1938,13.15,13.15,13.15,13.15,0,0.0,0.0,0,0,0,0.0,13.15,0.0,0,Quỹ đầu tư tăng trưởng Thiên Việt 4,FUCTVGF4,HOSE,2022-09-26,,0.0,,2023,10,24,9109930000000.0
8371,1938,13.15,13.15,13.15,13.15,0,0.0,0.0,0,0,0,0.0,13.15,0.0,0,Quỹ đầu tư tăng trưởng Thiên Việt 4,FUCTVGF4,HOSE,2022-09-26,,0.0,,2023,10,25,9692920000000.0
session_id,stock_id,open_price,close_price,high_price,low_price,volume_detail,ceiling_price,floor_price,buy_volume,sell_volume,net_volume,matched_value,adjust_price,change_percent,outstanding_share,name,code,stock_space,join_date,leave_date,init_price,category,year,month,day_of_month,volume_session
8641,1938,12.3,12.3,12.3,12.3,200,0.0,0.0,0,0,0,2000000.0,12.3,0.2,0,Quỹ đầu tư tăng trưởng Thiên Việt 4,FUCTVGF4,HOSE,2022-09-26,,0.0,,2022,9,27,9196100000000.0
8640,1938,13.15,13.15,13.15,13.15,100,0.0,0.0,0,0,0,1000000.0,13.15,0.85,0,Quỹ đầu tư tăng trưởng Thiên Việt 4,FUCTVGF4,HOSE,2022-09-26,,0.0,,2022,9,28,10714800000000.0
8639,1938,13.15,13.5,13.5,13.15,200,0.0,0.0,0,0,0,2000000.0,13.5,0.3,0,Quỹ đầu tư tăng trưởng Thiên Việt 4,FUCTVGF4,HOSE,2022-09-26,,0.0,,2022,9,29,9159920000000.0
8638,1938,14.4,14.4,14.4,14.4,100,0.0,0.0,0,0,0,1000000.0,14.4,0.9,0,Quỹ đầu tư tăng trưởng Thiên Việt 4,FUCTVGF4,HOSE,2022-09-26,,0.0,,2022,9,30,13037700000000.0
8637,1938,14.5,14.6,14.6,14.5,1000,0.0,0.0,0,0,0,14000000.0,14.6,0.2,0,Quỹ đầu tư tăng trưởng Thiên Việt 4,FUCTVGF4,HOSE,2022-09-26,,0.0,,2022,10,3,10066100000000.0
8636,1938,14.6,14.6,14.6,14.6,0,0.0,0.0,0,0,0,0.0,14.6,0.0,0,Quỹ đầu tư tăng trưởng Thiên Việt 4,FUCTVGF4,HOSE,2022-09-26,,0.0,,2022,10,4,10305700000000.0
8635,1938,15.6,15.6,15.6,15.6,100,0.0,0.0,0,0,0,1000000.0,15.6,1.0,0,Quỹ đầu tư tăng trưởng Thiên Việt 4,FUCTVGF4,HOSE,2022-09-26,,0.0,,2022,10,5,7946150000000.0
8634,1938,16.65,16.65,16.65,16.65,500,0.0,0.0,0,0,0,8000000.0,16.65,1.05,0,Quỹ đầu tư tăng trưởng Thiên Việt 4,FUCTVGF4,HOSE,2022-09-26,,0.0,,2022,10,6,9799590000000.0
8633,1938,17.8,17.8,17.8,17.8,100,0.0,0.0,0,0,0,1000000.0,17.8,1.1,0,Quỹ đầu tư tăng trưởng Thiên Việt 4,FUCTVGF4,HOSE,2022-09-26,,0.0,,2022,10,7,14214200000000.0
8632,1938,18.95,18.95,18.95,18.95,200,0.0,0.0,0,0,0,3000000.0,18.95,1.15,0,Quỹ đầu tư tăng trưởng Thiên Việt 4,FUCTVGF4,HOSE,2022-09-26,,0.0,,2022,10,10,9852950000000.0
8631,1938,20.25,20.25,20.25,20.25,200,0.0,0.0,0,0,0,4000000.0,20.25,1.25,0,Quỹ đầu tư tăng trưởng Thiên Việt 4,FUCTVGF4,HOSE,2022-09-26,,0.0,,2022,10,11,10423500000000.0
8630,1938,21.55,21.6,21.6,21.55,200,0.0,0.0,0,0,0,4000000.0,21.6,1.3,0,Quỹ đầu tư tăng trưởng Thiên Việt 4,FUCTVGF4,HOSE,2022-09-26,,0.0,,2022,10,12,9755430000000.0
8629,1938,21.5,21.5,21.5,21.5,100,0.0,0.0,0,0,0,2000000.0,21.5,-0.1,0,Quỹ đầu tư tăng trưởng Thiên Việt 4,FUCTVGF4,HOSE,2022-09-26,,0.0,,2022,10,13,7372900000000.0
8628,1938,21.5,21.5,21.5,21.5,0,0.0,0.0,0,0,0,0.0,21.5,0.0,0,Quỹ đầu tư tăng trưởng Thiên Việt 4,FUCTVGF4,HOSE,2022-09-26,,0.0,,2022,10,14,9673280000000.0
8627,1938,21.5,21.5,21.5,21.5,0,0.0,0.0,0,0,0,0.0,21.5,0.0,0,Quỹ đầu tư tăng trưởng Thiên Việt 4,FUCTVGF4,HOSE,2022-09-26,,0.0,,2022,10,17,8025360000000.0
8626,1938,20.0,20.0,20.0,20.0,100,0.0,0.0,0,0,0,2000000.0,20.0,-1.5,0,Quỹ đầu tư tăng trưởng Thiên Việt 4,FUCTVGF4,HOSE,2022-09-26,,0.0,,2022,10,18,9067700000000.0
8625,1938,20.0,20.0,20.0,20.0,0,0.0,0.0,0,0,0,0.0,20.0,0.0,0,Quỹ đầu tư tăng trưởng Thiên Việt 4,FUCTVGF4,HOSE,2022-09-26,,0.0,,2022,10,19,6419260000000.0
8624,1938,20.0,20.0,20.0,20.0,0,0.0,0.0,0,0,0,0.0,20.0,0.0,0,Quỹ đầu tư tăng trưởng Thiên Việt 4,FUCTVGF4,HOSE,2022-09-26,,0.0,,2022,10,20,7170160000000.0
8623,1938,20.0,20.0,20.0,20.0,0,0.0,0.0,0,0,0,0.0,20.0,0.0,0,Quỹ đầu tư tăng trưởng Thiên Việt 4,FUCTVGF4,HOSE,2022-09-26,,0.0,,2022,10,21,11596800000000.0
8622,1938,20.0,20.0,20.0,20.0,0,0.0,0.0,0,0,0,0.0,20.0,0.0,0,Quỹ đầu tư tăng trưởng Thiên Việt 4,FUCTVGF4,HOSE,2022-09-26,,0.0,,2022,10,24,8980430000000.0
8621,1938,20.0,20.0,20.0,20.0,0,0.0,0.0,0,0,0,0.0,20.0,0.0,0,Quỹ đầu tư tăng trưởng Thiên Việt 4,FUCTVGF4,HOSE,2022-09-26,,0.0,,2022,10,25,10951700000000.0
8620,1938,20.0,20.0,20.0,20.0,0,0.0,0.0,0,0,0,0.0,20.0,0.0,0,Quỹ đầu tư tăng trưởng Thiên Việt 4,FUCTVGF4,HOSE,2022-09-26,,0.0,,2022,10,26,5820330000000.0
8619,1938,20.0,20.0,20.0,20.0,0,0.0,0.0,0,0,0,0.0,20.0,0.0,0,Quỹ đầu tư tăng trưởng Thiên Việt 4,FUCTVGF4,HOSE,2022-09-26,,0.0,,2022,10,27,9532230000000.0
8618,1938,20.0,20.0,20.0,20.0,0,0.0,0.0,0,0,0,0.0,20.0,0.0,0,Quỹ đầu tư tăng trưởng Thiên Việt 4,FUCTVGF4,HOSE,2022-09-26,,0.0,,2022,10,28,8668290000000.0
8617,1938,20.0,20.0,20.0,20.0,0,0.0,0.0,0,0,0,0.0,20.0,0.0,0,Quỹ đầu tư tăng trưởng Thiên Việt 4,FUCTVGF4,HOSE,2022-09-26,,0.0,,2022,10,31,9841050000000.0
8616,1938,20.0,20.0,20.0,20.0,0,0.0,0.0,0,0,0,0.0,20.0,0.0,0,Quỹ đầu tư tăng trưởng Thiên Việt 4,FUCTVGF4,HOSE,2022-09-26,,0.0,,2022,11,1,9823020000000.0
8615,1938,20.0,20.0,20.0,20.0,0,0.0,0.0,0,0,0,0.0,20.0,0.0,0,Quỹ đầu tư tăng trưởng Thiên Việt 4,FUCTVGF4,HOSE,2022-09-26,,0.0,,2022,11,2,8708510000000.0
8614,1938,18.6,18.6,18.6,18.6,100,0.0,0.0,0,0,0,1000000.0,18.6,-1.4,0,Quỹ đầu tư tăng trưởng Thiên Việt 4,FUCTVGF4,HOSE,2022-09-26,,0.0,,2022,11,3,6985380000000.0
8613,1938,18.6,18.6,18.6,18.6,0,0.0,0.0,0,0,0,0.0,18.6,0.0,0,Quỹ đầu tư tăng trưởng Thiên Việt 4,FUCTVGF4,HOSE,2022-09-26,,0.0,,2022,11,4,11434600000000.0
8612,1938,18.6,18.6,18.6,18.6,0,0.0,0.0,0,0,0,0.0,18.6,0.0,0,Quỹ đầu tư tăng trưởng Thiên Việt 4,FUCTVGF4,HOSE,2022-09-26,,0.0,,2022,11,7,8376320000000.0
8611,1938,17.3,17.3,17.3,17.3,100,0.0,0.0,0,0,0,1000000.0,17.3,-1.3,0,Quỹ đầu tư tăng trưởng Thiên Việt 4,FUCTVGF4,HOSE,2022-09-26,,0.0,,2022,11,8,8117080000000.0
8610,1938,16.1,16.1,16.1,16.1,100,0.0,0.0,0,0,0,1000000.0,16.1,-1.2,0,Quỹ đầu tư tăng trưởng Thiên Việt 4,FUCTVGF4,HOSE,2022-09-26,,0.0,,2022,11,9,7729010000000.0
8609,1938,16.05,16.05,16.05,16.05,100,0.0,0.0,0,0,0,1000000.0,16.05,-0.05,0,Quỹ đầu tư tăng trưởng Thiên Việt 4,FUCTVGF4,HOSE,2022-09-26,,0.0,,2022,11,10,9364510000000.0
8608,1938,16.0,16.0,16.0,16.0,100,0.0,0.0,0,0,0,1000000.0,16.0,-0.1,0,Quỹ đầu tư tăng trưởng Thiên Việt 4,FUCTVGF4,HOSE,2022-09-26,,0.0,,2022,11,11,9430280000000.0
8607,1938,16.0,16.0,16.0,16.0,0,0.0,0.0,0,0,0,0.0,16.0,0.0,0,Quỹ đầu tư tăng trưởng Thiên Việt 4,FUCTVGF4,HOSE,2022-09-26,,0.0,,2022,11,14,8139810000000.0
8606,1938,14.9,14.9,14.9,14.9,100,0.0,0.0,0,0,0,1000000.0,14.9,-1.1,0,Quỹ đầu tư tăng trưởng Thiên Việt 4,FUCTVGF4,HOSE,2022-09-26,,0.0,,2022,11,15,9523820000000.0
8605,1938,14.9,14.9,14.9,14.9,0,0.0,0.0,0,0,0,0.0,14.9,0.0,0,Quỹ đầu tư tăng trưởng Thiên Việt 4,FUCTVGF4,HOSE,2022-09-26,,0.0,,2022,11,16,12296100000000.0
8604,1938,14.9,14.9,14.9,14.9,0,0.0,0.0,0,0,0,0.0,14.9,0.0,0,Quỹ đầu tư tăng trưởng Thiên Việt 4,FUCTVGF4,HOSE,2022-09-26,,0.0,,2022,11,17,9178100000000.0
8603,1938,13.9,13.9,13.9,13.9,100,0.0,0.0,0,0,0,1000000.0,13.9,-1.0,0,Quỹ đầu tư tăng trưởng Thiên Việt 4,FUCTVGF4,HOSE,2022-09-26,,0.0,,2022,11,18,11559800000000.0
8602,1938,13.9,13.9,13.9,13.9,0,0.0,0.0,0,0,0,0.0,13.9,0.0,0,Quỹ đầu tư tăng trưởng Thiên Việt 4,FUCTVGF4,HOSE,2022-09-26,,0.0,,2022,11,21,7410510000000.0
8601,1938,12.95,12.95,12.95,12.95,100,0.0,0.0,0,0,0,1000000.0,12.95,-0.95,0,Quỹ đầu tư tăng trưởng Thiên Việt 4,FUCTVGF4,HOSE,2022-09-26,,0.0,,2022,11,22,15297500000000.0
8600,1938,12.05,12.05,12.05,12.05,100,0.0,0.0,0,0,0,1000000.0,12.05,-0.95,0,Quỹ đầu tư tăng trưởng Thiên Việt 4,FUCTVGF4,HOSE,2022-09-26,,0.0,,2022,11,23,6938150000000.0
8599,1938,11.25,11.25,11.25,11.25,100,0.0,0.0,0,0,0,1000000.0,11.25,-0.8,0,Quỹ đầu tư tăng trưởng Thiên Việt 4,FUCTVGF4,HOSE,2022-09-26,,0.0,,2022,11,24,5266400000000.0
8598,1938,10.5,10.5,10.5,10.5,100,0.0,0.0,0,0,0,1000000.0,10.5,-0.8,0,Quỹ đầu tư tăng trưởng Thiên Việt 4,FUCTVGF4,HOSE,2022-09-26,,0.0,,2022,11,25,8418890000000.0
8597,1938,9.78,9.78,9.78,9.78,100,0.0,0.0,0,0,0,0.0,9.78,-0.72,0,Quỹ đầu tư tăng trưởng Thiên Việt 4,FUCTVGF4,HOSE,2022-09-26,,0.0,,2022,11,28,13955000000000.0
8596,1938,9.95,9.95,9.95,9.95,100,0.0,0.0,0,0,0,0.0,9.95,0.15,0,Quỹ đầu tư tăng trưởng Thiên Việt 4,FUCTVGF4,HOSE,2022-09-26,,0.0,,2022,11,29,16505200000000.0
8595,1938,9.26,9.26,9.26,9.26,600,0.0,0.0,0,0,0,5000000.0,9.26,-0.74,0,Quỹ đầu tư tăng trưởng Thiên Việt 4,FUCTVGF4,HOSE,2022-09-26,,0.0,,2022,11,30,14346100000000.0
8594,1938,8.62,8.62,8.62,8.62,100,0.0,0.0,0,0,0,0.0,8.62,-0.68,0,Quỹ đầu tư tăng trưởng Thiên Việt 4,FUCTVGF4,HOSE,2022-09-26,,0.0,,2022,12,1,20313700000000.0
8593,1938,8.02,8.02,8.02,8.02,100,0.0,0.0,0,0,0,0.0,8.02,-0.58,0,Quỹ đầu tư tăng trưởng Thiên Việt 4,FUCTVGF4,HOSE,2022-09-26,,0.0,,2022,12,2,16294900000000.0
8592,1938,7.46,7.46,7.46,7.46,100,0.0,0.0,0,0,0,0.0,7.46,-0.54,0,Quỹ đầu tư tăng trưởng Thiên Việt 4,FUCTVGF4,HOSE,2022-09-26,,0.0,,2022,12,5,17955400000000.0
8591,1938,6.94,6.95,6.95,6.94,600,0.0,0.0,0,0,0,4000000.0,6.95,-0.55,0,Quỹ đầu tư tăng trưởng Thiên Việt 4,FUCTVGF4,HOSE,2022-09-26,,0.0,,2022,12,6,21730000000000.0
8590,1938,6.47,6.47,6.47,6.47,100,0.0,0.0,0,0,0,0.0,6.47,-0.53,0,Quỹ đầu tư tăng trưởng Thiên Việt 4,FUCTVGF4,HOSE,2022-09-26,,0.0,,2022,12,7,12760100000000.0
8589,1938,6.02,6.03,6.03,6.02,200,0.0,0.0,0,0,0,1000000.0,6.03,-0.47,0,Quỹ đầu tư tăng trưởng Thiên Việt 4,FUCTVGF4,HOSE,2022-09-26,,0.0,,2022,12,8,14513000000000.0
8588,1938,6.45,6.45,6.45,6.45,100,0.0,0.0,0,0,0,0.0,6.45,0.45,0,Quỹ đầu tư tăng trưởng Thiên Việt 4,FUCTVGF4,HOSE,2022-09-26,,0.0,,2022,12,9,11801500000000.0
8587,1938,6.9,6.9,6.9,6.9,100,0.0,0.0,0,0,0,0.0,6.9,0.4,0,Quỹ đầu tư tăng trưởng Thiên Việt 4,FUCTVGF4,HOSE,2022-09-26,,0.0,,2022,12,12,13526800000000.0
8586,1938,7.38,7.38,7.38,7.38,100,0.0,0.0,0,0,0,0.0,7.38,0.48,0,Quỹ đầu tư tăng trưởng Thiên Việt 4,FUCTVGF4,HOSE,2022-09-26,,0.0,,2022,12,13,12111200000000.0
8585,1938,7.0,7.89,7.89,7.0,200,0.0,0.0,0,0,0,1000000.0,7.89,0.49,0,Quỹ đầu tư tăng trưởng Thiên Việt 4,FUCTVGF4,HOSE,2022-09-26,,0.0,,2022,12,14,11211800000000.0
8584,1938,7.4,8.44,8.44,7.4,900,0.0,0.0,0,0,0,7000000.0,8.44,0.54,0,Quỹ đầu tư tăng trưởng Thiên Việt 4,FUCTVGF4,HOSE,2022-09-26,,0.0,,2022,12,15,11226300000000.0
8583,1938,9.03,9.03,9.03,9.03,100,0.0,0.0,0,0,0,0.0,9.03,0.63,0,Quỹ đầu tư tăng trưởng Thiên Việt 4,FUCTVGF4,HOSE,2022-09-26,,0.0,,2022,12,16,13630200000000.0
8582,1938,8.67,9.66,9.66,8.67,200,0.0,0.0,0,0,0,1000000.0,9.66,0.66,0,Quỹ đầu tư tăng trưởng Thiên Việt 4,FUCTVGF4,HOSE,2022-09-26,,0.0,,2022,12,19,14244900000000.0
8581,1938,10.2,10.2,10.2,10.2,200,0.0,0.0,0,0,0,2000000.0,10.2,0.5,0,Quỹ đầu tư tăng trưởng Thiên Việt 4,FUCTVGF4,HOSE,2022-09-26,,0.0,,2022,12,20,14861800000000.0
8580,1938,10.8,10.8,10.8,9.49,900,0.0,0.0,0,0,0,9000000.0,10.8,0.6,0,Quỹ đầu tư tăng trưởng Thiên Việt 4,FUCTVGF4,HOSE,2022-09-26,,0.0,,2022,12,21,10706400000000.0
8579,1938,11.5,11.5,11.5,11.5,400,0.0,0.0,0,0,0,4000000.0,11.5,0.7,0,Quỹ đầu tư tăng trưởng Thiên Việt 4,FUCTVGF4,HOSE,2022-09-26,,0.0,,2022,12,22,8417330000000.0
8578,1938,12.2,10.7,12.2,10.7,200,0.0,0.0,0,0,0,2000000.0,10.7,-0.8,0,Quỹ đầu tư tăng trưởng Thiên Việt 4,FUCTVGF4,HOSE,2022-09-26,,0.0,,2022,12,23,6802410000000.0
8577,1938,10.75,11.4,11.4,10.75,200,0.0,0.0,0,0,0,2000000.0,11.4,0.7,0,Quỹ đầu tư tăng trưởng Thiên Việt 4,FUCTVGF4,HOSE,2022-09-26,,0.0,,2022,12,26,9976350000000.0
8576,1938,12.15,12.15,12.15,12.15,200,0.0,0.0,0,0,0,2000000.0,12.15,0.75,0,Quỹ đầu tư tăng trưởng Thiên Việt 4,FUCTVGF4,HOSE,2022-09-26,,0.0,,2022,12,27,7573560000000.0
8575,1938,13.0,13.0,13.0,13.0,200,0.0,0.0,0,0,0,2000000.0,13.0,0.8,0,Quỹ đầu tư tăng trưởng Thiên Việt 4,FUCTVGF4,HOSE,2022-09-26,,0.0,,2022,12,28,6436030000000.0
8574,1938,13.9,13.9,13.9,13.9,100,0.0,0.0,0,0,0,1000000.0,13.9,0.9,0,Quỹ đầu tư tăng trưởng Thiên Việt 4,FUCTVGF4,HOSE,2022-09-26,,0.0,,2022,12,29,5850920000000.0
8573,1938,14.8,14.85,14.85,14.8,200,0.0,0.0,0,0,0,2000000.0,14.85,0.95,0,Quỹ đầu tư tăng trưởng Thiên Việt 4,FUCTVGF4,HOSE,2022-09-26,,0.0,,2022,12,30,5606370000000.0
8572,1938,14.85,14.85,14.85,14.85,0,0.0,0.0,0,0,0,0.0,14.85,-0.05,0,Quỹ đầu tư tăng trưởng Thiên Việt 4,FUCTVGF4,HOSE,2022-09-26,,0.0,,2023,1,3,8363590000000.0
8571,1938,14.85,14.85,14.85,14.85,0,0.0,0.0,0,0,0,0.0,14.85,-0.05,0,Quỹ đầu tư tăng trưởng Thiên Việt 4,FUCTVGF4,HOSE,2022-09-26,,0.0,,2023,1,4,9094890000000.0
8570,1938,14.85,14.85,14.85,14.85,0,0.0,0.0,0,0,0,0.0,14.85,-0.05,0,Quỹ đầu tư tăng trưởng Thiên Việt 4,FUCTVGF4,HOSE,2022-09-26,,0.0,,2023,1,5,8148840000000.0
8569,1938,14.85,14.85,14.85,14.85,0,0.0,0.0,0,0,0,0.0,14.85,-0.05,0,Quỹ đầu tư tăng trưởng Thiên Việt 4,FUCTVGF4,HOSE,2022-09-26,,0.0,,2023,1,6,10120000000000.0
8568,1938,14.85,14.85,14.85,14.85,0,0.0,0.0,0,0,0,0.0,14.85,-0.05,0,Quỹ đầu tư tăng trưởng Thiên Việt 4,FUCTVGF4,HOSE,2022-09-26,,0.0,,2023,1,9,6513680000000.0
8567,1938,14.85,14.85,14.85,14.85,0,0.0,0.0,0,0,0,0.0,14.85,-0.05,0,Quỹ đầu tư tăng trưởng Thiên Việt 4,FUCTVGF4,HOSE,2022-09-26,,0.0,,2023,1,10,7166180000000.0
8566,1938,14.85,14.85,14.85,14.85,0,0.0,0.0,0,0,0,0.0,14.85,-0.05,0,Quỹ đầu tư tăng trưởng Thiên Việt 4,FUCTVGF4,HOSE,2022-09-26,,0.0,,2023,1,11,8245680000000.0
8565,1938,14.85,14.85,14.85,14.85,0,0.0,0.0,0,0,0,0.0,14.85,-0.05,0,Quỹ đầu tư tăng trưởng Thiên Việt 4,FUCTVGF4,HOSE,2022-09-26,,0.0,,2023,1,12,6483730000000.0
8564,1938,14.85,14.85,14.85,14.85,0,0.0,0.0,0,0,0,0.0,14.85,-0.05,0,Quỹ đầu tư tăng trưởng Thiên Việt 4,FUCTVGF4,HOSE,2022-09-26,,0.0,,2023,1,13,12394800000000.0
8563,1938,14.85,14.85,14.85,14.85,0,0.0,0.0,0,0,0,0.0,14.85,-0.05,0,Quỹ đầu tư tăng trưởng Thiên Việt 4,FUCTVGF4,HOSE,2022-09-26,,0.0,,2023,1,16,6729380000000.0
8562,1938,14.85,14.85,14.85,14.85,0,0.0,0.0,0,0,0,0.0,14.85,-0.05,0,Quỹ đầu tư tăng trưởng Thiên Việt 4,FUCTVGF4,HOSE,2022-09-26,,0.0,,2023,1,17,10169200000000.0
8561,1938,14.85,14.85,14.85,14.85,0,0.0,0.0,0,0,0,0.0,14.85,-0.05,0,Quỹ đầu tư tăng trưởng Thiên Việt 4,FUCTVGF4,HOSE,2022-09-26,,0.0,,2023,1,18,9383620000000.0
8560,1938,14.85,14.85,14.85,14.85,0,0.0,0.0,0,0,0,0.0,14.85,-0.05,0,Quỹ đầu tư tăng trưởng Thiên Việt 4,FUCTVGF4,HOSE,2022-09-26,,0.0,,2023,1,19,10554200000000.0
8559,1938,14.85,14.85,14.85,14.85,0,0.0,0.0,0,0,0,0.0,14.85,-0.05,0,Quỹ đầu tư tăng trưởng Thiên Việt 4,FUCTVGF4,HOSE,2022-09-26,,0.0,,2023,1,27,10373200000000.0
8558,1938,14.85,14.85,14.85,14.85,0,0.0,0.0,0,0,0,0.0,14.85,-0.05,0,Quỹ đầu tư tăng trưởng Thiên Việt 4,FUCTVGF4,HOSE,2022-09-26,,0.0,,2023,1,30,12587800000000.0
8557,1938,14.85,14.85,14.85,14.85,0,0.0,0.0,0,0,0,0.0,14.85,-0.05,0,Quỹ đầu tư tăng trưởng Thiên Việt 4,FUCTVGF4,HOSE,2022-09-26,,0.0,,2023,1,31,11734600000000.0
8556,1938,14.85,14.85,14.85,14.85,0,0.0,0.0,0,0,0,0.0,14.85,-0.05,0,Quỹ đầu tư tăng trưởng Thiên Việt 4,FUCTVGF4,HOSE,2022-09-26,,0.0,,2023,2,1,16393800000000.0
8555,1938,14.85,14.85,14.85,14.85,0,0.0,0.0,0,0,0,0.0,14.85,-0.05,0,Quỹ đầu tư tăng trưởng Thiên Việt 4,FUCTVGF4,HOSE,2022-09-26,,0.0,,2023,2,2,9923140000000.0
8554,1938,14.85,14.85,14.85,14.85,0,0.0,0.0,0,0,0,0.0,14.85,-0.05,0,Quỹ đầu tư tăng trưởng Thiên Việt 4,FUCTVGF4,HOSE,2022-09-26,,0.0,,2023,2,3,9209440000000.0
8553,1938,14.85,14.85,14.85,14.85,0,0.0,0.0,0,0,0,0.0,14.85,-0.05,0,Quỹ đầu tư tăng trưởng Thiên Việt 4,FUCTVGF4,HOSE,2022-09-26,,0.0,,2023,2,6,7270340000000.0
8552,1938,14.85,14.85,14.85,14.85,0,0.0,0.0,0,0,0,0.0,14.85,-0.05,0,Quỹ đầu tư tăng trưởng Thiên Việt 4,FUCTVGF4,HOSE,2022-09-26,,0.0,,2023,2,7,10020800000000.0
8551,1938,14.85,14.85,14.85,14.85,0,0.0,0.0,0,0,0,0.0,14.85,-0.05,0,Quỹ đầu tư tăng trưởng Thiên Việt 4,FUCTVGF4,HOSE,2022-09-26,,0.0,,2023,2,8,8099160000000.0
8550,1938,14.85,14.85,14.85,14.85,0,0.0,0.0,0,0,0,0.0,14.85,-0.05,0,Quỹ đầu tư tăng trưởng Thiên Việt 4,FUCTVGF4,HOSE,2022-09-26,,0.0,,2023,2,9,6773900000000.0
8549,1938,14.85,14.85,14.85,14.85,0,0.0,0.0,0,0,0,0.0,14.85,-0.05,0,Quỹ đầu tư tăng trưởng Thiên Việt 4,FUCTVGF4,HOSE,2022-09-26,,0.0,,2023,2,10,6670720000000.0
8548,1938,14.85,14.85,14.85,14.85,0,0.0,0.0,0,0,0,0.0,14.85,-0.05,0,Quỹ đầu tư tăng trưởng Thiên Việt 4,FUCTVGF4,HOSE,2022-09-26,,0.0,,2023,2,13,8918060000000.0
8547,1938,14.85,14.85,14.85,14.85,0,0.0,0.0,0,0,0,0.0,14.85,-0.05,0,Quỹ đầu tư tăng trưởng Thiên Việt 4,FUCTVGF4,HOSE,2022-09-26,,0.0,,2023,2,14,5489300000000.0
8546,1938,14.85,14.85,14.85,14.85,0,0.0,0.0,0,0,0,0.0,14.85,-0.05,0,Quỹ đầu tư tăng trưởng Thiên Việt 4,FUCTVGF4,HOSE,2022-09-26,,0.0,,2023,2,15,7913850000000.0
8545,1938,14.85,14.85,14.85,14.85,0,0.0,0.0,0,0,0,0.0,14.85,-0.05,0,Quỹ đầu tư tăng trưởng Thiên Việt 4,FUCTVGF4,HOSE,2022-09-26,,0.0,,2023,2,16,6883740000000.0
8544,1938,14.85,14.85,14.85,14.85,0,0.0,0.0,0,0,0,0.0,14.85,-0.05,0,Quỹ đầu tư tăng trưởng Thiên Việt 4,FUCTVGF4,HOSE,2022-09-26,,0.0,,2023,2,17,6885520000000.0
8543,1938,14.85,14.85,14.85,14.85,100,0.0,0.0,0,0,0,1000000.0,14.85,-0.05,0,Quỹ đầu tư tăng trưởng Thiên Việt 4,FUCTVGF4,HOSE,2022-09-26,,0.0,,2023,2,20,10509100000000.0
8542,1938,14.85,14.85,14.85,14.85,0,0.0,0.0,0,0,0,0.0,14.85,-0.05,0,Quỹ đầu tư tăng trưởng Thiên Việt 4,FUCTVGF4,HOSE,2022-09-26,,0.0,,2023,2,21,10408700000000.0
8541,1938,14.85,14.85,14.85,14.85,0,0.0,0.0,0,0,0,0.0,14.85,-0.05,0,Quỹ đầu tư tăng trưởng Thiên Việt 4,FUCTVGF4,HOSE,2022-09-26,,0.0,,2023,2,22,11660400000000.0
8540,1938,14.85,14.85,14.85,14.85,0,0.0,0.0,0,0,0,0.0,14.85,-0.05,0,Quỹ đầu tư tăng trưởng Thiên Việt 4,FUCTVGF4,HOSE,2022-09-26,,0.0,,2023,2,23,9901080000000.0
8539,1938,14.85,14.85,14.85,14.85,0,0.0,0.0,0,0,0,0.0,14.85,-0.05,0,Quỹ đầu tư tăng trưởng Thiên Việt 4,FUCTVGF4,HOSE,2022-09-26,,0.0,,2023,2,24,5891920000000.0
8538,1938,14.85,14.85,14.85,14.85,0,0.0,0.0,0,0,0,0.0,14.85,-0.05,0,Quỹ đầu tư tăng trưởng Thiên Việt 4,FUCTVGF4,HOSE,2022-09-26,,0.0,,2023,2,27,7735800000000.0
8537,1938,14.85,14.85,14.85,14.85,0,0.0,0.0,0,0,0,0.0,14.85,-0.05,0,Quỹ đầu tư tăng trưởng Thiên Việt 4,FUCTVGF4,HOSE,2022-09-26,,0.0,,2023,2,28,5272860000000.0
8536,1938,14.85,14.85,14.85,14.85,0,0.0,0.0,0,0,0,0.0,14.85,-0.05,0,Quỹ đầu tư tăng trưởng Thiên Việt 4,FUCTVGF4,HOSE,2022-09-26,,0.0,,2023,3,1,7140030000000.0
8535,1938,14.85,14.85,14.85,14.85,0,0.0,0.0,0,0,0,0.0,14.85,-0.05,0,Quỹ đầu tư tăng trưởng Thiên Việt 4,FUCTVGF4,HOSE,2022-09-26,,0.0,,2023,3,2,5143030000000.0
8534,1938,14.85,14.85,14.85,14.85,0,0.0,0.0,0,0,0,0.0,14.85,-0.05,0,Quỹ đầu tư tăng trưởng Thiên Việt 4,FUCTVGF4,HOSE,2022-09-26,,0.0,,2023,3,3,5987430000000.0
8533,1938,14.85,14.85,14.85,14.85,0,0.0,0.0,0,0,0,0.0,14.85,-0.05,0,Quỹ đầu tư tăng trưởng Thiên Việt 4,FUCTVGF4,HOSE,2022-09-26,,0.0,,2023,3,6,6167230000000.0
8532,1938,14.85,14.85,14.85,14.85,0,0.0,0.0,0,0,0,0.0,14.85,-0.05,0,Quỹ đầu tư tăng trưởng Thiên Việt 4,FUCTVGF4,HOSE,2022-09-26,,0.0,,2023,3,7,7037130000000.0
